item_orgid	item_procid
B00003IEME	0
B00004OCLJ	1
B000050FDY	2
B000053L2J	3
B00006ANDK	4
B00006ANDQ	5
B00006IV1N	6
B00008BFXL	7
B00008MNZN	8
B00009V2QX	9
B0000AN9L7	10
B0000B11WE	11
B0000CEO7J	12
B0000U1OCI	13
B00012NHUM	14
B00014H6NE	15
B00018SHPG	16
B0001TNP6G	17
B0001TNV24	18
B00022W4ZU	19
B00027CBTY	20
B0002DSVS8	21
B000668QYU	22
B0006M80CC	23
B0007A2E0W	24
B0007OW4YY	25
B0007U884I	26
B0007XXPDY	27
B0007XXPLQ	28
B0009F3RTC	29
B0009F3RUG	30
B0009RSP38	31
B000AUIFCA	32
B000BUUVTO	33
B000CPI5GO	34
B000CRFORU	35
B000CRHQN0	36
B000CRIBCA	37
B000E177M4	38
B000EG8HLE	39
B000EGN1A6	40
B000EQW3ZA	41
B000FAKT9W	42
B000G6TOQE	43
B000GAZ0QI	44
B000GC11YG	45
B000GCAVFG	46
B000GCJT8Q	47
B000GCL86W	48
B000GG2KB0	49
B000GG844C	50
B000GP1O4U	51
B000GPM9IK	52
B000HKZ85A	53
B000I22LLG	54
B000I4FCAG	55
B000IV2WAW	56
B000IV2YLY	57
B000JKP1A0	58
B000KKKNT8	59
B000KOPX4O	60
B000KOQ9HY	61
B000KUHFGM	62
B000LNI5VC	63
B000MQRR94	64
B000NILWRE	65
B000NJBE3K	66
B000NKJIXM	67
B000OLEC6I	68
B000P57CV0	69
B000P9S2K6	70
B000PGE032	71
B000PINS38	72
B000PKKAGO	73
B000PRMCJU	74
B000Q5ZOIW	75
B000Q6SU3C	76
B000QS10LY	77
B000QTSVWO	78
B000QTVR16	79
B000QTYKRO	80
B000T8NRNA	81
B000T9S7LG	82
B000T9VTXO	83
B000U67W8W	84
B000UK2VRK	85
B000UK2W4C	86
B000V212UY	87
B000V4O1UA	88
B000V5Z4J6	89
B000V87CY8	90
B000VEBBP8	91
B000VEBBQC	92
B000VPBNJQ	93
B000VS85IK	94
B000VZM1O2	95
B000WHM9MI	96
B000WN6WFC	97
B000XB4M46	98
B000XECJES	99
B000XSA60I	100
B000XVSNTQ	101
B000Z1GLQG	102
B000Z759DG	103
B0010B5EQS	104
B0010B8ZPA	105
B0010JLMO8	106
B0011MNOCC	107
B0011MPBJG	108
B0011TGKOO	109
B0011TM2MS	110
B0012MZ4WE	111
B00132FUNG	112
B0013HW39A	113
B0013ITH7U	114
B0013LRAPS	115
B0013OQGDC	116
B0013OQGO6	117
B0013OSH2K	118
B0013OSJU0	119
B0013OSK6I	120
B0013OSK8Q	121
B0013OUIZO	122
B0013OUJPS	123
B0013OUJRG	124
B0013OUKHK	125
B0013OULFQ	126
B0013OULOC	127
B0013OULOM	128
B0013OVUNS	129
B0013OVVAK	130
B0013OVVFA	131
B0013OVVSW	132
B0013OX9NC	133
B0013OX9XW	134
B0013OXA5Y	135
B0013OXABS	136
B0013TVEWA	137
B0014SVCL8	138
B0015068PA	139
B00153C644	140
B0015K9BXQ	141
B0015QVG56	142
B0015R2W58	143
B0015R6ECU	144
B0015R8HMU	145
B00166BCAY	146
B0016BN4YQ	147
B00178YD3O	148
B0017OAH8I	149
B0018DF29M	150
B0018MIT5M	151
B0018NE57M	152
B0018NG20U	153
B0018QQZG8	154
B0019D546C	155
B0019LT5MS	156
B0019LWL24	157
B0019ZD61A	158
B0019ZGU1S	159
B001ADJO30	160
B001ADL1SG	161
B001AH3G4O	162
B001AIJZQ6	163
B001AMRQ2W	164
B001BJHCVO	165
B001BJLGZC	166
B001CBDLX4	167
B001CCUJ92	168
B001CCW3TG	169
B001CEHHKO	170
B001CP0BII	171
B001CTGWQO	172
B001CX4JSS	173
B001D09KAM	174
B001DCI7YK	175
B001DCK61C	176
B001DERRM6	177
B001DEYP8K	178
B001DU8VGQ	179
B001E96LGS	180
B001ECQ516	181
B001ECQ53E	182
B001ECQ56Q	183
B001ECQ58E	184
B001ECQ7EG	185
B001ECTZF4	186
B001EHBF5W	187
B001EJMY46	188
B001F0RB4M	189
B001F0REY4	190
B001F51QG6	191
B001F51QIO	192
B001F51VRK	193
B001F51VS4	194
B001F51XFK	195
B001FA1F8K	196
B001FB5YTA	197
B001FSK8Q2	198
B001G7QMXK	199
B001G8Y96G	200
B001G8Y9TS	201
B001GAOGU8	202
B001GAOGVM	203
B001GL1VGE	204
B001GQ3GEY	205
B001H54S82	206
B001HX47B2	207
B001HX481Q	208
B001I45XL8	209
B001IHXFQK	210
B001IV61J4	211
B001J13AJM	212
B001JQLNGE	213
B001KXZ808	214
B001KYRPVM	215
B001L49S48	216
B001LK6XHC	217
B001M0NJNW	218
B001N0LJ8I	219
B001NPD2K6	220
B001NXDH76	221
B001OOLLVS	222
B001P5HAJ8	223
B001PBELQC	224
B001PBELQM	225
B001RYEETQ	226
B001SGANUC	227
B001TDKUK2	228
B001TH8Q72	229
B001TOD684	230
B001V7RNDS	231
B001VEK1GW	232
B001W6R0XG	233
B0020MMBWQ	234
B0021AF9GC	235
B0021YV8LS	236
B0024JMXQY	237
B0025UUU9E	238
B0025VLMYU	239
B0027MRWI2	240
B0028FLVBC	241
B0028K3IZY	242
B0029NYQ1K	243
B002BA5KNO	244
B002BDUPOK	245
B002BDUPPE	246
B002BDUPPY	247
B002BH4TTI	248
B002BH4TXE	249
B002BH4UAQ	250
B002BH4VY6	251
B002BH4W0Y	252
B002BSH3GS	253
B002BUBA8S	254
B002C741MM	255
B002C741MW	256
B002C741NG	257
B002C741NQ	258
B002CGSYPS	259
B002CVTVUA	260
B002CVTVVY	261
B002CVUYHE	262
B002CVUYL0	263
B002DNXBUI	264
B002FJW3ZY	265
B002FU63KO	266
B002FU63LI	267
B002GJU2XI	268
B002GU66BY	269
B002GU6AQ0	270
B002GU6AQK	271
B002GU6DMQ	272
B002HWS9GG	273
B002HWS9GQ	274
B002IXHQ9K	275
B002KHNL5C	276
B002KT3ATW	277
B002LA5E12	278
B002N5MHLU	279
B002OSGHMG	280
B002OSICSI	281
B002OSWW34	282
B002P8F4ZG	283
B002PBT6VG	284
B002PNAU3M	285
B002PY7P4I	286
B002Q2H2JC	287
B002QHV7YI	288
B002RS59JK	289
B002S52WV0	290
B002SB95ZK	291
B002SMJQT4	292
B002SRVYQW	293
B002TG3PUA	294
B002UT2K34	295
B002UUSY3S	296
B002UUTCZ2	297
B002VRLSWO	298
B002W6Z0YG	299
B002W6Z1DG	300
B002WPZ47K	301
B002YD8FQM	302
B002YD8GBG	303
B002YD8GC0	304
B002YD8GCU	305
B0030HKL2C	306
B0030HKZ00	307
B0030HKZ50	308
B0030HMDAK	309
B0030HMQOS	310
B0030HO4KM	311
B0030HQ720	312
B0030T1NEA	313
B00314DYNW	314
B0031QP4TM	315
B0031YIQX0	316
B0032TNPOE	317
B00336EUTK	318
B00336EUUE	319
B0033TE0KG	320
B0033WT4ZO	321
B00359FB98	322
B00359FBBQ	323
B00359FBC0	324
B00359FBI4	325
B0036B7ZYE	326
B0036BCXXC	327
B0036THLOA	328
B0036THLRW	329
B0036THMLM	330
B0037HP9OA	331
B0037KMI0A	332
B0037KMI0U	333
B0037QGKSK	334
B0038QQ7R8	335
B0038QQ7RI	336
B0038QQ7SC	337
B0038QQ7SM	338
B00394DTDY	339
B003987CL0	340
B003BVINQI	341
B003CP12OI	342
B003DNP632	343
B003DNSR4W	344
B003FBOJB2	345
B003FBOJDK	346
B003FBRTV4	347
B003GYV894	348
B003IJVU5E	349
B003KVNZRQ	350
B003KVNZX0	351
B003KVO034	352
B003KVO05M	353
B003KVO0B6	354
B003KVO0DY	355
B003KVO0GQ	356
B003KVO0S4	357
B003KVPYWU	358
B003KVPZ2O	359
B003M38932	360
B003MOXA6C	361
B003MP15TU	362
B003MP16A8	363
B003NS12IK	364
B003NS39X6	365
B003QGCX7I	366
B003R2OPWW	367
B003SP4QAE	368
B003TBYW74	369
B003TPSD7K	370
B003TZ476Q	371
B003U8ESI4	372
B003U8K6M6	373
B003UA7F46	374
B003UKKH6O	375
B003UKKHB4	376
B003UKM90Q	377
B003UKM9CO	378
B003UKR67M	379
B003ULEJCG	380
B003ULEJF8	381
B003ULGGZY	382
B003ULI8BO	383
B003ULJZ9I	384
B003ULK0HO	385
B003V32UDI	386
B003V360NY	387
B003V37Z9W	388
B003V37ZDS	389
B003WFPC4E	390
B003WJ6E10	391
B003WJ6E4C	392
B003WJ85DA	393
B003WJ9GPQ	394
B003WJ9GTC	395
B003WJD8HI	396
B003X5FYJQ	397
B003XE0X1Q	398
B003XN4RIC	399
B003Y67GBS	400
B003Y6B4XE	401
B003YC3706	402
B003ZW9LOQ	403
B00422KWTQ	404
B0043OUJYQ	405
B0043P0GRA	406
B00440F3GS	407
B0044AZVDS	408
B0045EFO2Q	409
B0045XE3AG	410
B0047FPM16	411
B0047WFO2G	412
B0048ZGI7C	413
B00498HEAI	414
B00498HEVM	415
B00498HFXE	416
B00498HGZQ	417
B00498IJYI	418
B00498IKHE	419
B00498MQ0Q	420
B00498MS4A	421
B00498MSJ0	422
B0049LUI9O	423
B0049MEHK4	424
B0049MEI5S	425
B0049MGHWU	426
B0049MGHY8	427
B0049MIELM	428
B0049MIERQ	429
B0049MIF1G	430
B0049MM84Q	431
B0049MM85K	432
B0049POHK6	433
B004ACBSZA	434
B004AGX23M	435
B004B8F8SQ	436
B004D9P1A8	437
B004FJ3QQM	438
B004G5PJT2	439
B004H44GB4	440
B004H468S8	441
B004H4B3VK	442
B004H4B3W4	443
B004HZE44W	444
B004I54NGU	445
B004I8NO8A	446
B004I8NO8K	447
B004IJYG72	448
B004J36GES	449
B004L09SF8	450
B004LL9AF0	451
B004LSFDV8	452
B004MBW2M2	453
B004MDL5DC	454
B004N4FE64	455
B004NCJXIG	456
B004NMZR9A	457
B004NSUMTO	458
B004O2I9JO	459
B004O2J8X0	460
B004OQQLTU	461
B004P3P2U6	462
B004PXIR1W	463
B004PXM3US	464
B004Q7CK4W	465
B004Q7CK56	466
B004QE83VE	467
B004QI271W	468
B004QI8UJK	469
B004QWPIO6	470
B004QWST7Y	471
B004QWVY8A	472
B004QWVY8K	473
B004R8S7VK	474
B004RFHKNO	475
B004S067OQ	476
B004S0DYV0	477
B004S0DZ0A	478
B004S0DZ8W	479
B004S6EHB0	480
B004SF1DTU	481
B004TGUKG0	482
B004TL9A7U	483
B004TSYJSI	484
B004TT1FVQ	485
B004UE9SAU	486
B004UJ3T1O	487
B004UJ84QY	488
B004UJ84R8	489
B004UKQ2WQ	490
B004UKSJWW	491
B004UKSKCQ	492
B004UKSLFC	493
B004UOHPK0	494
B004VK5ON8	495
B004VS50UM	496
B004WIUNBW	497
B004WIUNCG	498
B004WIUNCQ	499
B004WMEA12	500
B004WN9I18	501
B004WPJBDG	502
B004X7D7GK	503
B004XXOW1S	504
B004Y9AINC	505
B004Y9AJ4U	506
B004YHKUXC	507
B0050D9B1G	508
B0050D9BBQ	509
B0050HLC82	510
B0051GAKI0	511
B0051GAKNA	512
B0051TPBCC	513
B00523A31Q	514
B0052456US	515
B0052JN7ZO	516
B0052KONSI	517
B0053C3O5S	518
B0055713UO	519
B0055CJ2NO	520
B0055CK0OE	521
B0055CMKTC	522
B0055CNA6O	523
B0055JC4J6	524
B0055OUGUU	525
B0057D81PQ	526
B0057D887W	527
B0057FQN4K	528
B0057ON4PM	529
B0057UJEFU	530
B0057UUAZS	531
B0057UUF9Y	532
B0057UUGWA	533
B0057UUHGK	534
B0058AGBYG	535
B005ACNP5K	536
B005ACNPKA	537
B005ACNPLO	538
B005ACNW5S	539
B005BDAFK6	540
B005BMRM8U	541
B005BOQHB6	542
B005BUNTTS	543
B005DCCU6C	544
B005DDCKJ8	545
B005DKJIVO	546
B005DKKBP6	547
B005DKKBRY	548
B005DNOZEG	549
B005EKJ1AQ	550
B005ESPJIG	551
B005GIS3A0	552
B005GL5S2S	553
B005GNL5G4	554
B005GUG8F0	555
B005H1ENTQ	556
B005ILL5IW	557
B005IMZ7PI	558
B005IMZ7QC	559
B005K8070U	560
B005K8073W	561
B005KUUVIQ	562
B005LB9U04	563
B005MZLHJ6	564
B005MZLPHU	565
B005ORVMMO	566
B005P0M0BW	567
B005PUZZR8	568
B005QSI8A0	569
B005QWV6S2	570
B005TI7EWK	571
B005TSTBYE	572
B005YC0KQ8	573
B005YU8TDG	574
B005ZI99QS	575
B0061JPJH8	576
B0065P2Q7Y	577
B006D0PTPM	578
B006DR2BEW	579
B006F5BCLA	580
B006GQYSC8	581
B006GQYSDC	582
B006GQYSFA	583
B006GQYSGE	584
B006GQYSGO	585
B006GTEC1W	586
B006JKY3X0	587
B006L10EJO	588
B006MD1DKA	589
B006N60G2C	590
B006SA2EMS	591
B006TEWMZM	592
B006VTIPHY	593
B006W2OXE4	594
B006WYNXRK	595
B006Z2SP72	596
B006ZUTDSY	597
B0070TVXAA	598
B0070YQP6M	599
B0072DAZEE	600
B0072F8D7S	601
B0072K0SEY	602
B0073C8CVW	603
B0074KC5LQ	604
B00761HREI	605
B0076YOX3I	606
B007785AQ2	607
B007785C8S	608
B0077PLNB6	609
B0077PLNNE	610
B0077PLO06	611
B0077PLO60	612
B007A1XBUS	613
B007A1XEOQ	614
B007A4W53Y	615
B007DKVI4C	616
B007DKXR64	617
B007G5V8KS	618
B007HIQD5Y	619
B007HUTKWA	620
B007HUUFOM	621
B007I7GBK6	622
B007IVR9IU	623
B007JL49VE	624
B007JL4FZ4	625
B007JL4HHA	626
B007JL4JBO	627
B007JUIBMI	628
B007LAHS2K	629
B007LEO4Y6	630
B007MB5YMO	631
B007MF2OVE	632
B007MFDLUW	633
B007O044XI	634
B007P1T7H4	635
B007P1T7HE	636
B007P1T7JC	637
B007P7AMAO	638
B007PN22NI	639
B007RWFSII	640
B007RWFSJC	641
B007RWFSK6	642
B007S50LLI	643
B007T0MW6O	644
B007TC11SC	645
B007UZNR08	646
B007UZNR1C	647
B007UZNS5W	648
B007VAGXC6	649
B007VAGXDK	650
B007VB50JC	651
B007VB50JW	652
B007VB50LU	653
B007VB50VA	654
B007VXJK6E	655
B007VXJK6O	656
B007WTI6FI	657
B007XCTNVU	658
B007Z48F56	659
B007ZN5ATQ	660
B007ZP1JGM	661
B007ZPAT1S	662
B0080WBM3Y	663
B0083D01XW	664
B0083G6ZSO	665
B0084HG9OC	666
B0084LF0L6	667
B00854KPV2	668
B0085A18A8	669
B0085LV3KW	670
B00860XNOQ	671
B008619HJK	672
B008619IB2	673
B0086UI32S	674
B0087CE694	675
B0087MFX1Y	676
B0087TNBUC	677
B0087TNBUW	678
B0087TNBX4	679
B0087TNC3S	680
B00880X0OW	681
B0089TDU4C	682
B008BQI8YA	683
B008BRXUXI	684
B008CC42CU	685
B008CCO6LW	686
B008CENWK6	687
B008DBRCXG	688
B008DBRDH6	689
B008DBRE16	690
B008DVRIIU	691
B008ERUSV2	692
B008HMF9LS	693
B008J4C3QS	694
B008K992HU	695
B008KEHA2E	696
B008KEJ1LM	697
B008KEJ1US	698
B008LXE7AM	699
B008M60A54	700
B008P2FSKC	701
B008P8107G	702
B008PEHKAG	703
B008QV2JPO	704
B008R5W120	705
B008R5W13Y	706
B008R5W15M	707
B008R5W1A2	708
B008R5W1AW	709
B008R7CNOE	710
B008R7CPUQ	711
B008RHF51W	712
B008RVJJZG	713
B008RZFT1K	714
B008UQVD9S	715
B008VT05JS	716
B008Y5U8DW	717
B008Y5UEPY	718
B008Y5UF4E	719
B008Y5UFYO	720
B008Y5UJFY	721
B008Y5VORG	722
B008Y5VXNQ	723
B008Y5XG72	724
B008Y62B0E	725
B008Y656V0	726
B008YDIQLU	727
B008YDIQRO	728
B008YDISI6	729
B008YDISIQ	730
B0090JS6U8	731
B0090JS6WQ	732
B0091DS0U4	733
B0091E51IC	734
B0092ICBEY	735
B0093162QS	736
B0093162RM	737
B00935OGW6	738
B0093N2MOW	739
B00940DUE0	740
B00940DUEK	741
B00940DVQ2	742
B0094G39KE	743
B0094HBU6I	744
B0094RUUIW	745
B0095PZHPE	746
B0096J28Z6	747
B0098FJ1VM	748
B0098I0D4S	749
B0098QAVEM	750
B009A35B1Q	751
B009A6KFDC	752
B009D01ZN4	753
B009EPIMCU	754
B009FUF6DM	755
B009HEZ03W	756
B009HR6UP6	757
B009HR7Q3G	758
B009HR7QO0	759
B009HR7RG2	760
B009MLD3SY	761
B009NW4L5G	762
B009OXB0K8	763
B009SZXM4O	764
B00A0GTA00	765
B00A0J086C	766
B00A0J0A8I	767
B00A5MSDV6	768
B00A5MSE2Y	769
B00A8EZDM8	770
B00A8GF6BO	771
B00A8SLH8I	772
B00AAVP43M	773
B00AEKJMN2	774
B00AEKJMPK	775
B00AFCOWB6	776
B00AFCPA26	777
B00AFCPAAS	778
B00AIJ1G1U	779
B00AN5LADI	780
B00AN9ZIFK	781
B00ANKN1PI	782
B00ANL58EO	783
B00AO379SO	784
B00AO4EL0C	785
B00AOJ5R64	786
B00APT4S7C	787
B00AQ3ZJJS	788
B00ARF428E	789
B00ARF428O	790
B00ARF429S	791
B00ARF42D4	792
B00ARF42H0	793
B00ARF44N2	794
B00ARF44O6	795
B00ARF44P0	796
B00ARF44SC	797
B00ARF450E	798
B00ARIRER2	799
B00ARTK95A	800
B00ARTK9FA	801
B00ARTK9FK	802
B00ASBOT2Q	803
B00AU1IBLY	804
B00AUDXIKG	805
B00AW6YQVQ	806
B00AWKBPDY	807
B00AX3YNPC	808
B00AYE5EU8	809
B00AYESMFW	810
B00AZBIL6E	811
B00AZBIMFY	812
B00AZBIPGU	813
B00AZBIRDQ	814
B00AZBJ1JK	815
B00B0F6EAO	816
B00B15E7P2	817
B00B2INF10	818
B00B4IHV18	819
B00B4UDXBI	820
B00B57QPG0	821
B00B57QQVY	822
B00B57QSQ2	823
B00B57QU60	824
B00B71EKSY	825
B00B7V6AN2	826
B00B84JQSE	827
B00B897XD4	828
B00BB5YFEU	829
B00BB5YHEI	830
B00BB5YI0G	831
B00BB5YI0Q	832
B00BD73XJO	833
B00BD747FS	834
B00BK71I7Q	835
B00BKNLHAS	836
B00BLGDKF4	837
B00BLPFYFY	838
B00BLQG6D2	839
B00BLZ2100	840
B00BMQQSJS	841
B00BN5LJUG	842
B00BN7TC8A	843
B00BNQCR4M	844
B00BR04QIE	845
B00BS2NPUG	846
B00BT8XXAQ	847
B00BTMO8MO	848
B00BUQTGPS	849
B00BUTIELM	850
B00BVY4HCG	851
B00BWS5UPY	852
B00BZAIARE	853
B00BZAIB6Y	854
B00BZC43G4	855
B00C0B8YB4	856
B00C1C21K2	857
B00C1C23FU	858
B00C1E7SHQ	859
B00C25L46U	860
B00C2WEJT2	861
B00C2WEJZ6	862
B00C2WEK7I	863
B00C3Z34G2	864
B00C43H68K	865
B00C4VX3OS	866
B00C6C3GCY	867
B00C7DIFUA	868
B00C7U164K	869
B00C933P30	870
B00CA8K3L6	871
B00CAGJHVA	872
B00CAYNWY0	873
B00CBFQEEI	874
B00CBUHD70	875
B00CC0O1PG	876
B00CD1QU80	877
B00CDKTE48	878
B00CDLD1W8	879
B00CEPN88U	880
B00CFQWLYA	881
B00CFSTAH4	882
B00CFZJMFM	883
B00CGK5GWE	884
B00CI0N61K	885
B00CI4KF56	886
B00CIQW1YC	887
B00CISSP2M	888
B00CISSPCM	889
B00CJBH5Y2	890
B00CLD7DDG	891
B00CM2FLWG	892
B00CMCG7FG	893
B00CN0SRMS	894
B00CN97V2Q	895
B00CN98LAM	896
B00COF7AOI	897
B00CORL9PW	898
B00CP4H3T0	899
B00CPH03S0	900
B00CRGO6AK	901
B00CUFPPD0	902
B00CUG2582	903
B00CUG26Z4	904
B00CUG26ZE	905
B00CUG270S	906
B00CUG273A	907
B00CW6P5W8	908
B00CWNMR5Y	909
B00CWS3XSO	910
B00CX3ASFE	911
B00CX9EXOA	912
B00CXNYRWO	913
B00CXVA4VE	914
B00CZH3FGM	915
B00CZH3K1C	916
B00CZH3LQG	917
B00D05VGC8	918
B00D1SV0Y8	919
B00D2D09LC	920
B00D2NUPR0	921
B00D2PAQ68	922
B00D2PATZG	923
B00D2PAU64	924
B00D2PAVV8	925
B00D2PAVWW	926
B00D2PAXAM	927
B00D2PAXF2	928
B00D2PHNWI	929
B00D3G6IRM	930
B00D3G6IS6	931
B00D49EJV0	932
B00D5UZMDC	933
B00D7OB7N0	934
B00DBTQGR8	935
B00DBTQJO8	936
B00DCAJ6TG	937
B00DDMIPEA	938
B00DFGBKGY	939
B00DG17ARQ	940
B00DG740RI	941
B00DGCWPAC	942
B00DJL6UJW	943
B00DJMRUF4	944
B00DK9Y6D0	945
B00DKN6KD0	946
B00DKN88B2	947
B00DKN8E0M	948
B00DKN8K1K	949
B00DKNLRLK	950
B00DN6V4W6	951
B00DN6V5G6	952
B00DOJG6RA	953
B00DOSAL40	954
B00DOSAMVW	955
B00DOSAN7A	956
B00DOSANPM	957
B00DOSANPW	958
B00DP4N1R2	959
B00DP5VX2G	960
B00DP5VX58	961
B00DPCTSS0	962
B00DPIRHV4	963
B00DQB47RC	964
B00DS0KP2C	965
B00DS5BI2I	966
B00DSICT1Y	967
B00DSICUIQ	968
B00DU6ZV28	969
B00DUFK016	970
B00DVPNRL0	971
B00DY7YY1W	972
B00E9WIC0A	973
B00ECBTEJ6	974
B00ECBTELO	975
B00ECBTEM8	976
B00ECBTEQ4	977
B00ECBTESC	978
B00ED1WOFQ	979
B00EEEFUZI	980
B00EI4NGE6	981
B00EI4NGEG	982
B00EI4NGM8	983
B00EI4NGP0	984
B00EI4OLTA	985
B00EI4OM1M	986
B00EKQLNQK	987
B00ENIFI34	988
B00EOXZJFU	989
B00EREC7VA	990
B00EU3QQJM	991
B00EV6UH84	992
B00EVY2LKI	993
B00EW1SNRA	994
B00EWPAODM	995
B00EWPAOG4	996
B00EWPAS38	997
B00EZ8PR1U	998
B00F0W1RIW	999
B00F3FH1PO	1000
B00F3IPBPS	1001
B00F4H8D08	1002
B00F8GOURU	1003
B00FA9D8FK	1004
B00FB1S7K8	1005
B00FB2W6AY	1006
B00FEBARJE	1007
B00FKOLE88	1008
B00FM5ZCT2	1009
B00FQKI3W6	1010
B00FS2ADRU	1011
B00FS81TCM	1012
B00FSCB3PG	1013
B00FSCBQV2	1014
B00FULZMM0	1015
B00FUM0TDQ	1016
B00FWM09CA	1017
B00FZ29ICO	1018
B00G0LGBH4	1019
B00G1PRRRC	1020
B00G52E36O	1021
B00G5L867C	1022
B00G7PCEX8	1023
B00G7PCF0U	1024
B00G7PCF3W	1025
B00G7PCHIK	1026
B00G7PCHJO	1027
B00G7PCHK8	1028
B00G7PCIFC	1029
B00G7PCKHI	1030
B00G7PCKI2	1031
B00G7PCKNM	1032
B00G9JZDIU	1033
B00GFSYHV4	1034
B00GHVRLU8	1035
B00GJR2ZMO	1036
B00GLXK74Y	1037
B00GLXKDJ8	1038
B00GLXKIHA	1039
B00GLXKXBQ	1040
B00GM0271C	1041
B00GM029TC	1042
B00GMWMMV0	1043
B00GNUBOZQ	1044
B00GOBPD10	1045
B00GOBPDAG	1046
B00GOBPDBK	1047
B00GR1TQJW	1048
B00GSP6E0Q	1049
B00GSQHCQU	1050
B00GTEWS42	1051
B00GTXJ5HQ	1052
B00GVE57K2	1053
B00GXG96TQ	1054
B00GXH6YWW	1055
B00GXZSAE4	1056
B00GY2AXZA	1057
B00GY2AY18	1058
B00GY2BELM	1059
B00GYSP2L4	1060
B00GZWDG7Q	1061
B00H2B2REM	1062
B00H2B2RJM	1063
B00H2B4H2M	1064
B00H2B4H5Y	1065
B00H2SOE0U	1066
B00H3TT74G	1067
B00H4W385G	1068
B00H5NL644	1069
B00H8MYRJI	1070
B00H9FRNAY	1071
B00HAPEXLK	1072
B00HB0WUO6	1073
B00HB0WWK8	1074
B00HB2ARDU	1075
B00HB2ARHQ	1076
B00HBBX40O	1077
B00HBBX4EA	1078
B00HES205Y	1079
B00HF3XSRW	1080
B00HFQQ0VU	1081
B00HG6L4RE	1082
B00HGY9TGO	1083
B00HH1QJRI	1084
B00HHEPECQ	1085
B00HHF0HF4	1086
B00HHRK202	1087
B00HHRK28E	1088
B00HHRK2BQ	1089
B00HHRK2I4	1090
B00HJKOYSI	1091
B00HJTI36S	1092
B00HKH0GYG	1093
B00HKH0I12	1094
B00HLERZC4	1095
B00HNKQTTQ	1096
B00HNKQTZU	1097
B00HNKQU0O	1098
B00HNKXSZO	1099
B00HNKXT3A	1100
B00HNSJSX2	1101
B00HNVB3Y6	1102
B00HS1MESA	1103
B00HSC9F2C	1104
B00HT2H1LI	1105
B00HT6E4SM	1106
B00HTNUKBU	1107
B00HVJ3JM4	1108
B00HWLQ3R4	1109
B00HXAIGM4	1110
B00HZV9TGS	1111
B00I0UG4PM	1112
B00I1HAOV4	1113
B00I1HAPI6	1114
B00I1MWAU2	1115
B00I3LS15O	1116
B00I3MCVF4	1117
B00I45JJQO	1118
B00I45JJRS	1119
B00I45JLJO	1120
B00I471LR2	1121
B00I5H5Y56	1122
B00I5H5ZEG	1123
B00I84JZTM	1124
B00I8B1GBK	1125
B00I8H6FUG	1126
B00I9HACHW	1127
B00IA9QS9K	1128
B00ICRUA8A	1129
B00IEDNLHE	1130
B00IFVZTUW	1131
B00IH0N10G	1132
B00IKN8DMQ	1133
B00IMNLBIW	1134
B00IMPUTGU	1135
B00ING1Q4M	1136
B00IQN770Y	1137
B00IRJ0NVC	1138
B00ISAPPLI	1139
B00ISDMQ8U	1140
B00ISJ5HZS	1141
B00IXOSICW	1142
B00J2AP81U	1143
B00J2AP842	1144
B00J2APD0G	1145
B00J2APFMW	1146
B00J2APR98	1147
B00J2APS60	1148
B00J42G2UW	1149
B00J4GHLFI	1150
B00J4X7KBG	1151
B00J4XW7W8	1152
B00J6D4F76	1153
B00JAD4IO2	1154
B00JC9TJO8	1155
B00JC9TJQ6	1156
B00JC9TJSO	1157
B00JC9TJVG	1158
B00JFHYY42	1159
B00JHKSKZQ	1160
B00JJ7N1FQ	1161
B00JJE5NCS	1162
B00JY9CSWG	1163
B00JY9CT2U	1164
B00JZRX9SE	1165
B00JZX221S	1166
B00K08ZDBI	1167
B00K0KEDQM	1168
B00K2IHQC0	1169
B00K2SLVTO	1170
B00K316I3O	1171
B00K32ICRS	1172
B00K37OI6C	1173
B00K5NEORM	1174
B00K5NEPJY	1175
B00K8ATI7S	1176
B00KAJB8BQ	1177
B00KB8FGSM	1178
B00KBAVNDW	1179
B00KCJPPXG	1180
B00KE7T7FS	1181
B00KEU5K1A	1182
B00KFNJY6S	1183
B00KIZQERA	1184
B00KJ26VHU	1185
B00KKEUNIK	1186
B00KO3EYLE	1187
B00KO4LACY	1188
B00KO53EL8	1189
B00KRKKR88	1190
B00KSFQN3K	1191
B00KVOVWAC	1192
B00KVWJ5GC	1193
B00KXE9RWU	1194
B00KYB12ZM	1195
B00L1F79LQ	1196
B00L5L7ZPQ	1197
B00LJBMCFA	1198
B00LJBMCKK	1199
