user_orgid	user_procid
A100WO06OQR8BQ	0
A100ZQDV7L8PVV	1
A105S56ODHGJEK	2
A108XP24UESKSV	3
A109L3WXD1SJFU	4
A10AFVU66A79Y1	5
A10ASLX7DTTB6Z	6
A10E3F50DIUJEE	7
A10G4BPT5MGBHY	8
A10H24TDLK2VDP	9
A10M94ASQEBL56	10
A10PEXB6XAQ5XF	11
A10Y058K7B96C6	12
A10YWQ4AAAE29O	13
A10Z8FC0SMU5VQ	14
A10ZBR6O8S8OCY	15
A10ZFE6YE0UHW8	16
A110RS7QL8Q1UX	17
A1143YEAZYMYHJ	18
A116J8AUC3JSN2	19
A11B61QBGHLQDN	20
A11BCJJG91KVOY	21
A11EXFO14WEJM1	22
A11F5KW6QXHL8L	23
A11I1I9QLMAM1A	24
A11J1FHCK5U06J	25
A11LC938XF35XN	26
A11LNPG39A2ZV4	27
A11LNY2OLQSUSV	28
A11OQUV1ZI2MT2	29
A11OTLEDSW8ZXD	30
A11SWG9T60IQH8	31
A11T807LX2EF00	32
A11W2ZN3VGJOAR	33
A11XT24G3PZ8CQ	34
A122SFGLAHQLSJ	35
A12ANFNOSMW5VD	36
A12B7ZMXFI6IXY	37
A12DQZKRKTNF5E	38
A12E0Y0J6584RT	39
A12ENBT314RFXR	40
A12J7R7GAJ5FBZ	41
A12PN254PTSGU5	42
A132ETQPMHQ585	43
A136LRUR0RDH9J	44
A13700AF4X40YG	45
A13GZCHAMKWYBT	46
A13H5US9Z7L9M7	47
A13HRBF6V8E8K2	48
A13KNCFLH0IH2G	49
A13KW5I9IHQ039	50
A13LHBUYIK9TMC	51
A13MKSASQ6YWL7	52
A13U975DFXBU44	53
A13WOT3RSXKRD5	54
A13XQPWNCS2CHP	55
A140ICK18NAAYR	56
A141W8WHW9AC3H	57
A142UV53K381N9	58
A1437CAM9CNC1E	59
A145B8OHVNNFAJ	60
A14638TGYH7GD9	61
A146L0JWX6KKYJ	62
A14BTJRH9VNLJJ	63
A14DNCG5WHM86Z	64
A14EF1PPKMSEPU	65
A14EPTYN50XSZV	66
A14L2638XC00EZ	67
A14NA0W8ESGDSI	68
A14NHXPYTSZ2HT	69
A14OQ67LM79KW3	70
A14R9XMZVJ6INB	71
A14V72I2TIOA2B	72
A14X244VGHWPSX	73
A1501C38OCSEMA	74
A1509YCCYCYQQ3	75
A1517476XFOC7A	76
A156P4FPL8OGXB	77
A15BI2LVYM2GIW	78
A15C5X31C7ZG91	79
A15CL28ALB7MTZ	80
A15D2X8MICR2VQ	81
A15JB2HEZ6RKGW	82
A15NS9ERV7LT7A	83
A15OAS39003U5R	84
A15Q9YEG1XPEJN	85
A15R00LN8L815Z	86
A15S93ZUXH0MR3	87
A15T9G38F589KM	88
A167ABU99FT4OC	89
A167KPMW1NBZJW	90
A16ALXKQ02SKYG	91
A16AXQ11SZA8SQ	92
A16I6WJUEBJ1C3	93
A16IM9MYTHCKYQ	94
A16PUD6V3KAZ0Q	95
A16QODENBJVUI1	96
A16RI68PS6T5CA	97
A16WPA6JV83YXT	98
A16YMCFWGSFGS9	99
A16YU3GRGCD95S	100
A16Z2OECAUX8Z4	101
A17BUUBOU0598B	102
A17CP110C6E9KF	103
A17O9AHKHK66AI	104
A17UNMURMLX0ZE	105
A17V2N0N8CXSA9	106
A17V9XL4CWTQ6G	107
A184ZFZZBWEXMS	108
A185QFJRTB5W93	109
A186ZAYP2L4CDZ	110
A188JOXWF4EY1R	111
A18ECVX2RJ7HUE	112
A18FUHNBP90IB4	113
A18GJ9MYYO6GCQ	114
A18HE80910BTZI	115
A18IZ3RTL9SD4V	116
A18JF0T0GOCORW	117
A18LBGL7L9FEZV	118
A18NS2LFYCLOTH	119
A18QNMVRG08DU5	120
A18S2A07LBNVNF	121
A18S2VGUH9SCV5	122
A18YMFFJW974QS	123
A190EAFTGCQNED	124
A194K60CWZ371J	125
A197WAS89A0DZT	126
A198CCH4NNLI2E	127
A199FRO0YFMGED	128
A19D3N662QS9WD	129
A19DW3VKM5KKYB	130
A19EKT8H85AKO5	131
A19FRW264WZTGP	132
A19GSC3QMK694Q	133
A19SDJ2TSSL8HI	134
A19UTUEBWKIZFT	135
A19WEEGB05YAZ3	136
A19XBW5WUDH1Z	137
A19XC6Z95GK5AB	138
A19XMHRB3G4DIR	139
A19YOYY7FLQMA6	140
A1A027UELK4JZC	141
A1A1BM6N28X9J0	142
A1A25TP5D0L22V	143
A1A535TCGNMVPI	144
A1A6C5KIOBMQ2P	145
A1A9PD00UVHHVI	146
A1ACM1CBGORBN1	147
A1AEPMPA12GUJ7	148
A1AG7F4Z1EOO5L	149
A1AKU188I6NRF0	150
A1ALOTXWL76OY7	151
A1AYBKV6DO2389	152
A1B05INWIDZ74O	153
A1B1QMGK8VYG80	154
A1B6O7SAIYG2N0	155
A1B6SIX2I161O9	156
A1B70ZEWQ6UH1A	157
A1BA72K4VK1UN1	158
A1BAJ6JXU8PSZH	159
A1BEKAQQGP8CMF	160
A1BJOHHLG0D965	161
A1BK60GZ4QME6I	162
A1BKJNAWJT2TG2	163
A1BMG34CO5CMZ5	164
A1BTG38XSGYLW3	165
A1BWZ7BS12D3H	166
A1BXVZSQOJE6UE	167
A1BZN88T4GSZG0	168
A1C0SOX7DPXY65	169
A1C4J5MRES1KRK	170
A1C6ZJNWKYK485	171
A1C760KGFSRI6F	172
A1C7Y31S5QXNTR	173
A1CFU5XJXN3PV4	174
A1CVFUQ1PGSIJL	175
A1D1IDI5S9TN9D	176
A1D2FXEWRIV1YV	177
A1D5RCOILPC9LX	178
A1D6DFC3AGV3JZ	179
A1D7VWS3DWS7X8	180
A1D9V11QUHXENQ	181
A1DC1O4VX6AHPP	182
A1DD5LYFQ3ZAOK	183
A1DFL66IDY0Z2Z	184
A1DG75OT3Y49EM	185
A1DGB6HY5C7LXU	186
A1DH3QDZX8Z7GO	187
A1DNXL8BIR5R8R	188
A1DQHS7MOVYYYA	189
A1DRM3JV6T5O6P	190
A1DSRM2P0WGQNS	191
A1DTCJV6KOMJOA	192
A1DW1FK1H3F2TM	193
A1E1LEVQ9VQNK	194
A1E371HE68KMWB	195
A1E3OB6QMBKRYZ	196
A1E50L7PCVXLN4	197
A1E5WXNTI7EO2A	198
A1E7BYP6JGDUHD	199
A1E8XXAKINL0B1	200
A1EARN5PUVIF1S	201
A1EE6LQS3OPY6R	202
A1EH2S92FHWZRP	203
A1EHDVLCSOU57Q	204
A1EMN4T3ROJDOO	205
A1EPHD4E18OFWO	206
A1ER5AYS3FQ9O3	207
A1EVV74UQYVKRY	208
A1EXGL6L0QQ0M5	209
A1EZLLHWJULK2K	210
A1F1A0QQP2XVH5	211
A1F2EYORWOZ3G1	212
A1F7AFVBKHSOT8	213
A1F7YU6O5RU432	214
A1F9Z42CFF9IAY	215
A1FCQI065T3HYH	216
A1FDSZISWIXH1A	217
A1FK6IQ111SJDR	218
A1FMWLZ9YY91XI	219
A1FPQ54AIB26L0	220
A1FQ3HRVXA4A5B	221
A1FRADBDXQPJJC	222
A1FVP6G8W3O8ZA	223
A1FWFCJU2G7TRA	224
A1FXY0GUFHEI59	225
A1GARI2JT6EAWA	226
A1GHZY5ZMRVN8Q	227
A1GNYV0RA0EQSS	228
A1GQRGB8FGSLIZ	229
A1GWG5CWLKJ7ET	230
A1GWPAZBGMUAFJ	231
A1GYEGLX3P2Y7P	232
A1H1BPKUMGVIA8	233
A1H4QWLST1N3D0	234
A1H6SBO7R007I8	235
A1H7Y5XKPGT0OS	236
A1HBI9BBQIG1NH	237
A1HGXLP6WATS4B	238
A1HLJJ6MKZLR3Z	239
A1HNE9Y9JBAN9Y	240
A1HOLE9R6WPT85	241
A1HOLJW15Q5S5V	242
A1HRYC60VTMYC0	243
A1HTDH4UD75OQ2	244
A1I2U8NT5J6P1N	245
A1I477ADGMLVJM	246
A1I4NHYX40MFD	247
A1I6U5AQAT3ZG9	248
A1IA0O3OYQO9LV	249
A1IDWUYX4QXTUE	250
A1IH42TUIZ2XJL	251
A1IHK8GL1ESOND	252
A1IHTJWYBLU17P	253
A1II2ZRPKZAQQD	254
A1ILWPH1GHUXE2	255
A1IM4D3R61A2K0	256
A1INBQLNQNSHTK	257
A1INE33UQ1B4Q3	258
A1IQV6AI7L9NOK	259
A1ITRGMT80D5TK	260
A1IU7S4HCK1XK0	261
A1IW1ANBV0DPVI	262
A1IZ7OZOBWC1YW	263
A1IZJVLNMFACS6	264
A1J3T2AHYBSRBI	265
A1J5HIF41ENSMZ	266
A1J6B00Z1D6PS4	267
A1J75JJ0Q2OEJN	268
A1JAPP1CXRG57A	269
A1JBBR4MNGQ70G	270
A1JBUBTQ48ITN4	271
A1JBZ635HF1SVO	272
A1JEAPSES2HNVE	273
A1JEFESGLIS076	274
A1JFXOFDRZ9CFQ	275
A1JFYDF90M3WF5	276
A1JJM6COMQOO4Y	277
A1JMR1N9NBYJ1X	278
A1JOANG98KBFKU	279
A1JUBRIZMO0RJV	280
A1JXRXYVSUAW6I	281
A1JZFGZEZVWQPY	282
A1K3L3CVDVSKH2	283
A1K5KHJRKINCP	284
A1KDM0N4UCEPHA	285
A1KDUQ2HU0WD68	286
A1KEK09ZA6J9P8	287
A1KGNGL5KT3CJU	288
A1KI3173CO6TK2	289
A1KLPS6P7UR631	290
A1KMG1AIUS00DC	291
A1KOYOE8O2F1J4	292
A1KXJCXS6HFRQZ	293
A1KXONFPU2XQ5K	294
A1L7R2764ED46Y	295
A1L8PL08LOYO9L	296
A1LA4K5JF78BER	297
A1LAGS8H4A2DR7	298
A1LG1DKUZXGJ6J	299
A1LH6RF4UN9VI6	300
A1LHAXBM5GBJS2	301
A1LJR5IS0B6ADX	302
A1LQTC6ERFMZ03	303
A1LUK8APLC16WK	304
A1M0OSCFOAMAZO	305
A1M1Y5UGONAW06	306
A1M23590C0V803	307
A1M4QC5BZDMBIZ	308
A1M5ZT35YX6TIN	309
A1M7Y63Y5GYJI1	310
A1M92239OM8KPO	311
A1MAG8BDOVJHTT	312
A1MAI0TUIM3R2X	313
A1MBXP3NZM2BUO	314
A1MCH5RXDOH87H	315
A1MD9AEU9C4WJN	316
A1MDDJ2XUPZZOE	317
A1MR1VMK999I6O	318
A1MRRMHGV3PN5W	319
A1MZL91Z44RN06	320
A1N5FSCYN4796F	321
A1N655X9X7C6QY	322
A1NDYL6D6QNVCI	323
A1NEIH01B5X6QL	324
A1NFCHJ8ZR4362	325
A1NHB2VC68YQNM	326
A1NIGUK4M2ST8	327
A1NN8Q1DLAYPGH	328
A1NOV41485TE0D	329
A1NRMTQ5SZPZA	330
A1O229NVVDJUX2	331
A1O2QIQK2OR5TC	332
A1OA2ZW406NQXM	333
A1ODOGXEYECQQ8	334
A1OF72PQR4MII1	335
A1OMHUU58XHQNG	336
A1OMXVXXP07F05	337
A1ONZ8JRPLBNUI	338
A1OPZ3BUTEL47R	339
A1OWRLSD7LTSQ9	340
A1OZA52DFY3SHD	341
A1P0JSFW184ZXJ	342
A1P27BGF8NAI29	343
A1P2XYD265YE21	344
A1P4F6HIXU6WYE	345
A1P9BVW2JB1OVL	346
A1PAGHECG401K1	347
A1PB9XZDJNY3YR	348
A1PD6NNCLVBOHD	349
A1PI8VBCXXSGC7	350
A1PL7QILVQV3IF	351
A1PLNHXOBDLMJL	352
A1PW5SQLR0Z6IH	353
A1PYNMASUM1MD8	354
A1Q08H4B9QGT2N	355
A1Q1T811N4IY3Z	356
A1Q1Z7IR79G52A	357
A1Q7A78VSQ5GQ4	358
A1QBOC76MIOJYP	359
A1QK0XCAPHIW1L	360
A1QMN8SJYRREMT	361
A1QO88MU0PYJON	362
A1QT3N5FUQ4I47	363
A1QTHVA826XEOS	364
A1QVFHPY8418HC	365
A1R1BFJCMWX0Y3	366
A1R377IPZOKLMM	367
A1R4VHGGF1H23Y	368
A1R76R4E6A8S3B	369
A1RDHBBZE1NPS3	370
A1RF9YK4BK5TRH	371
A1RFQVHBKVN4TA	372
A1RFZGWX46N8H7	373
A1RHE0EI5GQM66	374
A1RL1OTV8IJMVD	375
A1RLP0R1N8H8C4	376
A1RR36YKJB917S	377
A1RRMZKOMZ2M7J	378
A1RTSVWEXMKAR1	379
A1RZ0J2CZZJOTX	380
A1S1YWNZEJPVAB	381
A1S27P7KJO9I96	382
A1S52XH2CS4Y26	383
A1S5XHBZIYOGRE	384
A1S78V0MOUYFUA	385
A1S7YQQGJPPFLG	386
A1SAZB83QFR0W2	387
A1SB9BNNGKNX2Z	388
A1SD1C8XK3Z3V1	389
A1SORZL733985Z	390
A1SP366J07MNU	391
A1SXCGBJ9JW2MO	392
A1SYLII0808HD6	393
A1T2ZO4ARVSUGE	394
A1T4WP46IH62CJ	395
A1T61QP7QHYBRQ	396
A1T9MILRRZ00F8	397
A1TFMR7RE985MF	398
A1TH5UXT33E7RC	399
A1TMAVN4CEM8U8	400
A1TP2RW7KDI5AZ	401
A1TQZUSOU22E9M	402
A1TR1R2QKWRSRA	403
A1TRAEV7QWA5DX	404
A1TS45JWJVOSSW	405
A1U7LS93I03MFW	406
A1U7RVXQM7K88X	407
A1U8VI6I2MFEU8	408
A1UCPXUBSESD65	409
A1UE62EU3HAJHS	410
A1UFLVSJ3IRETQ	411
A1UG4J8DEG9NVW	412
A1UGYZ8IK4VAIT	413
A1UINGIK3UG77D	414
A1UMSB7LAW0RIR	415
A1UNJ46NSB352E	416
A1UQBFCERIP7VJ	417
A1UQNX8S78JU0G	418
A1UQUDT2Q0YENM	419
A1URMXEEWEQR6V	420
A1URXSRV6WDHVY	421
A1UUI7PFQ5FU4E	422
A1UWSU5ETQRQKX	423
A1V1EP514B5H7Y	424
A1V3PCKVCJ3TTZ	425
A1V3TRGWOMA8LC	426
A1VABWDOUQLULZ	427
A1VBDMNT6I8RE5	428
A1VCPMT1RRS7K0	429
A1VE9FFQMUC09T	430
A1VF5HRCDF99CF	431
A1VF5LN6SHFVFJ	432
A1VFX417XDNWIU	433
A1VK6EKINVYAT7	434
A1VLVWTLV3LVHR	435
A1VOPP2OFITP7D	436
A1VQBEW0G4IH1J	437
A1VQHH85U7PX0	438
A1VS1LL905P5L5	439
A1VTBADV3JS1EC	440
A1VTV7GXWSGJ3E	441
A1VUN4JU731CBH	442
A1VXIY1511XQK2	443
A1VYFEJM12ZP11	444
A1W415JP5WEAJK	445
A1W4F91DH3XPB2	446
A1W60EW7Q6A75C	447
A1W9OSF4ZWL94R	448
A1WBEIH7Z37LN9	449
A1WH5J3AP5JR7H	450
A1WKEAS58297E5	451
A1WKQ94M45D8MG	452
A1WMEOGVZKO8MI	453
A1WPQGUYP0XI99	454
A1WXG10FJ353K0	455
A1WXJ1I42UOQ2V	456
A1X1CEGHTHMBL1	457
A1X2B7H1P11DXH	458
A1X2LENOF84LCQ	459
A1X3ESYZ79H59E	460
A1X7OWTQKQ9XAE	461
A1X8BQQGCEHQ1V	462
A1XDAUHSVADHW5	463
A1XFI340SHOS5K	464
A1XJ3M3JTMD3HZ	465
A1XJOSJN6FHFO0	466
A1XL5L0AQXPCKB	467
A1XVF5DU3N05OM	468
A1XZBI594HFG7Z	469
A1Y32FBX45NCNL	470
A1Y39T2CT36YL0	471
A1Y3FEUELH3FTI	472
A1Y5ERIKQBEMSP	473
A1YCWZWOXLUAY5	474
A1YH6DMZOS59A2	475
A1YJMG0QJXZLD4	476
A1YMNTFLNDYQ1F	477
A1YUL9PCJR3JTY	478
A1YVDY3TISDRE1	479
A1YVO5V1SO18DZ	480
A1YX6S4I5GG5VK	481
A1Z0LTKUA6F94D	482
A1Z54EM24Y40LL	483
A1Z7Y2GMAP9SRY	484
A1ZCSSCAGBCD49	485
A1ZENB34HH2EIM	486
A1ZGHA3IJV01BK	487
A1ZGXZW37JEZWH	488
A1ZH9LWMX5UCFJ	489
A1ZKGSDVP057L9	490
A1ZM846Y7AUYD	491
A1ZNCMFIECPTVT	492
A1ZO9D554VQO9F	493
A1ZOIGQHW7FPT2	494
A1ZPY91VE3IDN1	495
A1ZU55TM45Y2R8	496
A1ZVMTIRYZQDL4	497
A1ZZR25X0CNOJX	498
A1ZZZT0KJR46UV	499
A2013JDMPUV6D9	500
A2032LF6FWWK8E	501
A2065HBMYDXJ1S	502
A2068BC3ZXAVJQ	503
A209D61DH0HZMA	504
A209G57KXCBF4C	505
A20CQ20J30DJZT	506
A20DNGGAHQMSWI	507
A20EEWWSFMZ1PN	508
A20F84KUBWM88B	509
A20H1M28WLI9J2	510
A20J4FB33G3X4X	511
A20L63B48RPSOH	512
A20MEQGP5HGMX5	513
A20MMOYFA8BTNR	514
A20OBCQWBKCGZT	515
A20V7N5A22F4BM	516
A20VX7F4164FVC	517
A20WS8TZ5840ND	518
A20ZMC10HTZ4ZW	519
A210SPRGOOG2D0	520
A215WH6RUDUCMP	521
A216NSW58Q3SCJ	522
A217CC8F7N5717	523
A21B8AV7E3MPXE	524
A21BVL7PKG9BX8	525
A21EDMG94ID7D	526
A21SESEJ8E52B7	527
A21SL94J53BDS9	528
A21T5C3KL41REL	529
A21U4DR8M6I9QN	530
A21VGNU5959O85	531
A21VQDGHP3T7Y	532
A21W7ZA2FZKOGP	533
A224KM22RQ5CD4	534
A22604C1II3OGW	535
A226GFM0Q9L37H	536
A226VGZWOEBPGL	537
A22CT4ZGGD2FJF	538
A22CW0ZHY3NJH8	539
A22I55P15NSAOX	540
A22K36X80X815R	541
A22KGO6Q2YWS0C	542
A22KL4WOK6GTW2	543
A22PUBSSNP54L	544
A22RGEI19Z9AEV	545
A22S7D0LP8GRDH	546
A22VNXHU6IZ5MT	547
A230PPNNJYJ6HR	548
A231LBC8EGPO5L	549
A234X1MVIMPMMC	550
A235NA61RC6YC1	551
A235UFZGCFN3J5	552
A239BIP124VPYJ	553
A23DFB8IUTIZM0	554
A23E9QQHJLNGUI	555
A23E9ZPS2RQZS0	556
A23GFTVIETX7DS	557
A23GS4UGLQBG2V	558
A23GY2BFXCYHSD	559
A23J1T7UNX14TK	560
A23KDA686N6T4Y	561
A23NSKTMSPPBTR	562
A23O8T3LNL9YY8	563
A23OEXX9JTOJZY	564
A23RZIU0N8K2KR	565
A23TGI02RB7JC	566
A23W55M32D2AC	567
A23WE733QT4WGJ	568
A23ZNGL704AW7O	569
A240FRPD4MEXND	570
A244CRJ2QSVLZ4	571
A24B990VP9QC6C	572
A24FY1EBJ7EWLH	573
A24HWYHR28JJ7A	574
A24J6PQ0FN55A6	575
A24O15MYDNLZBE	576
A24RCBRDXRXR0Y	577
A24RT6AVJXJZHF	578
A24U6WGBZ4P74W	579
A2503LT8PZIHAD	580
A253TILLU81VZK	581
A2561PYW9TTMYD	582
A259HHYBP6ZNJ3	583
A25C2M3QF9G7OQ	584
A25C5MVVCIYT5D	585
A25CGBLRJB6X0S	586
A25HYPL2XKQPZB	587
A25KKXUQQ0OLWB	588
A25KVM6GJBLISZ	589
A25QJBK33C4O0R	590
A25RMP51FP664I	591
A25RTRAPQAJBDJ	592
A25WJCAP606YMP	593
A264UDLWWRJ7X4	594
A267FU71Z01CIH	595
A268EEWUXYCA8Q	596
A26A64X86VL1R4	597
A26BDXG9KVH7SU	598
A26BU3ZU0R5IPF	599
A26DA070XLT8FP	600
A26DJU0UGI6B8Q	601
A26EQ8U96JA92T	602
A26IRZJV6D220M	603
A26KHZE0HTS057	604
A26LD9FQHTM8ZH	605
A26MBVPPXZN1YM	606
A26R7LLAFTPC3U	607
A26SO3TOT2TLJE	608
A26X7W5UM5QFT4	609
A2701UXI8QGRHE	610
A276OI0NHBYORX	611
A277GP2U2TXH51	612
A277TO3PKKNYDH	613
A279A4Y2N1CQ26	614
A27CHILBK6HIL2	615
A27CTW0GPEE0AZ	616
A27D0VRNOOUNRR	617
A27E44IWS3B7VD	618
A27H0T39U3FZB5	619
A27H9DOUGY9FOS	620
A27HB4L3I1WJUR	621
A27L5L6I7OSV5B	622
A27O5ZUFAEWT9L	623
A27Q1X75QCWTID	624
A27R2V3WLS43LP	625
A281NPSIMI1C2R	626
A282RNKOO2P5RT	627
A28CCN6VYHRUKS	628
A28G5WB6XEXWFC	629
A28I19Q54MYXGV	630
A28IIVKXOE1ATF	631
A28N2AWOVO2PB	632
A28OB1QLXN5BM6	633
A28TWWUAWFVCTR	634
A28UMA3GW9L124	635
A28WXDXJA1P0MC	636
A28YBL28P03P8V	637
A28ZDVY6NV75P	638
A29313797NGT9L	639
A293HA28PN3VO4	640
A294SHLWPSG1BP	641
A29C0Z6BY8HB9H	642
A29CK3R8EIDEJG	643
A29M09QBG9TZLP	644
A29NV2YITU0EJK	645
A29VG90T649CSU	646
A2A8IY4GTR7GWQ	647
A2AAHDM93LC9BI	648
A2AC6GQ24S45GA	649
A2AF0NOCM71J0B	650
A2ALX5U55NTGTL	651
A2AMTEB5UZEOXE	652
A2AOW20EGSCAY2	653
A2AOZQ3WTNVVOK	654
A2AVMEB8PQOTTE	655
A2AVWHAP4IUN0G	656
A2AWVROFGSZU4E	657
A2AYDT1O1K8MG2	658
A2AYYKD4OODSLY	659
A2AZIQJGBLU7WN	660
A2B3A8NQIHITO8	661
A2B7BUH8834Y6M	662
A2B8GXSCB1R05T	663
A2BCDZO1XQLDH	664
A2BD0G4SRK0WMV	665
A2BLFCOPSMBOZ9	666
A2BMZRO0H7TFCS	667
A2BN9DIBP9A0XG	668
A2BPB05QNCE00B	669
A2BQWD54CXBX6R	670
A2BVNVJOFXGZUB	671
A2BVOBG7YDSVOZ	672
A2BXMHV2B0QRCM	673
A2BYV7S1QP2YIG	674
A2BZ16RKE13PKV	675
A2BZ7MYTSNYMEW	676
A2BZCHIDR5FTYA	677
A2CF66KIQ3RKX3	678
A2CIQEY05SPHTZ	679
A2CISZ4JLKQRJA	680
A2CNGARED6OWWU	681
A2CT2SA6KFE8GC	682
A2CUWCJHUPGL9W	683
A2CZ98V784SRJ0	684
A2CZPM110DW516	685
A2D1LPEUCTNT8X	686
A2D3MU80ME36SV	687
A2D4FQHV506EPB	688
A2D7B5I7ZQ51XL	689
A2D7X9N3IV3S7B	690
A2DA2NJZ2RIYAB	691
A2DB720I9XRX7K	692
A2DG63DN704LOI	693
A2DI7UGT3YX4Q9	694
A2DPYMNI2HCIOI	695
A2DQGD2M6EZRS6	696
A2DXENZNO2JT4F	697
A2DXS93K097REQ	698
A2E1EFNIZL2FVA	699
A2E2PA6UNK1E05	700
A2E3NAL9ECE7VS	701
A2E3WMF9RWW2X2	702
A2E4R7YISIM4QM	703
A2E7RX6AFUDQEX	704
A2ECM9HLMC242H	705
A2ECTCPBTOGW4H	706
A2EF1KIQ7TMPPF	707
A2EHYCA29NSQLU	708
A2EIODKT7EDOC4	709
A2EXGRAA6QW96Z	710
A2F09EWKV3MTO2	711
A2F1P10GGZ7K2T	712
A2F540P3L6P5CL	713
A2F6NONFUDB6UK	714
A2F7XU97CYFHDY	715
A2FBPS1P12N24T	716
A2FEM4XI55SY0W	717
A2FNA5903D9E6Y	718
A2FQHAYSPJO1WP	719
A2FRAS05LEI6JJ	720
A2FRFAQCWZJT3Q	721
A2FRKEXDXDN1KI	722
A2FT65RZEV2HNH	723
A2FU5LRHY17OY2	724
A2FVD05Z2FYW1P	725
A2FWZ58M6IQMD7	726
A2G04D4QZAXL15	727
A2G7B7FKP2O2PU	728
A2G9UDL72YUTT8	729
A2GA64WZK8PKBC	730
A2GANR9I6XHTU9	731
A2GHU8I0P3HFRW	732
A2GJX2KCUSR0EI	733
A2GK5S3ZF9Y8YO	734
A2GKWC2UIDRZ42	735
A2GL934UT3XENH	736
A2GOHBNQ58WOKC	737
A2GPEV42IO41CI	738
A2GPJR489OIH42	739
A2GRDQJ4Z7053K	740
A2GV7L9LPZCZXN	741
A2GVVAO242EK1D	742
A2GY5WCU9PKTMI	743
A2H1W8V6R9TJ9E	744
A2H2FT8WV5X6SV	745
A2H2I5FY1PUHP1	746
A2H667ZUNLNTF1	747
A2HC9549CZAKNN	748
A2HHAV29CZ1OIE	749
A2HMF8ZR67BNZS	750
A2HOLM5I1ARX9J	751
A2HPVNZZF15W93	752
A2HRHF83I3NDGT	753
A2HT05OASZO53B	754
A2HTPS0JV3Q8ZD	755
A2I05FGBTCRRB8	756
A2I3XS9TO93Q0F	757
A2I5LVVQ7WXEH6	758
A2I5QH4F5FDKK5	759
A2I8KUDXTC9WYI	760
A2I98OOPNIJNYY	761
A2IFGGXG3YV3Y6	762
A2IFKH3TJ10387	763
A2IIB10X0CECYV	764
A2IMGHMF0LO151	765
A2IMLOJ2Z2QEU2	766
A2IT7S59GSASN7	767
A2IW0326MP3ZZZ	768
A2IX2PCXS5O2FK	769
A2J19U8H5SSFCJ	770
A2J39GPS8D4YJI	771
A2J557IQKW3GCP	772
A2J8DE8R94ZB02	773
A2J8T58Z4X15IO	774
A2JAEZ0FMAMJVW	775
A2JCJJNY43QQIV	776
A2JE071UW97J2A	777
A2JE8OS1NN9YDB	778
A2JFL163HUJZG3	779
A2JKM8KF3296CW	780
A2JMJVNTBL7K7E	781
A2JNO9OR8FGNR4	782
A2JNW9NNS7KKVS	783
A2JP9E1H0SF392	784
A2JXCOUGYS5Y4J	785
A2K1A96U617B4Z	786
A2K1BVRREVIX0T	787
A2K21ZQVNBVUDI	788
A2K3J2X8KDY47N	789
A2K4HN6EECBNR3	790
A2K75QOCP9ZHSL	791
A2K89R0B20LYHB	792
A2KBFB6A2D7PNO	793
A2KFAEOHLMLX0H	794
A2KFWHHUFVKFXZ	795
A2KHG3JOFXQ4CE	796
A2KIVODZRTGY4U	797
A2KMV056844YV2	798
A2KMY4RVMJ1EP6	799
A2KOV8XWZOZ0FQ	800
A2KP45DO3RY4RG	801
A2KS0FVY2CNJ8M	802
A2KUUIJ52MWDAS	803
A2KVUYPLEW4LXT	804
A2KWE2ZM1EEBGJ	805
A2KY76HK8DYRL3	806
A2L0WJMOT484GM	807
A2L35P0VQE7LBN	808
A2L4XGVPR42KHL	809
A2L4ZGN7GZJ95T	810
A2L6BT1PVV9YN0	811
A2L6QS8SVHT9RG	812
A2L9OPJAAEK08Q	813
A2LAS014NSRW72	814
A2LDGL943QZXGK	815
A2LF16F0KX9L7P	816
A2LIPLT5LJTN5B	817
A2LRNLAV0ZIL4U	818
A2LW5AL0KQ9P1M	819
A2LXC5ZHHP0WXP	820
A2LXX47A0KMJVX	821
A2M14CFAMF8J7I	822
A2M1MNG7G40V85	823
A2M9D9BDHONV3Y	824
A2MBLVMVDLHK1L	825
A2MG95DI29NJTJ	826
A2MHCTX43MIMDZ	827
A2MJ8OL2FYN7CW	828
A2MNB77YGJ3CN0	829
A2MO8QZTNYYB98	830
A2MOD50IHEDH3G	831
A2MR696ZU17F12	832
A2MSQNPTNAAGL1	833
A2MUGFV2TDQ47K	834
A2MVPY9XVYST9H	835
A2N1TPTH0GNYLI	836
A2NB2E5DXE319Z	837
A2NIGPQX34K47O	838
A2NN2T8Z97SZ8I	839
A2NUBL2UYWPBWR	840
A2NUHWMHA9XNKV	841
A2NWMCVSHHTW70	842
A2NX6MFZP8TM6S	843
A2NYLGHJ9RNKGK	844
A2O421DTA8J0RW	845
A2O6IC9KWY8TQR	846
A2OBDNQ5ZYU1L8	847
A2OCDK0BOW6UCY	848
A2OJCTT5WLB2HR	849
A2OKRGHIYTBQ6P	850
A2OL0JTU0DLH6B	851
A2OL5WLCNZVD9K	852
A2OMQEK9OW2FY6	853
A2OR4QUQSUMOW7	854
A2OS3TIVAKUAHG	855
A2OT7AEHVZ0AZ0	856
A2OW1FKQFPIA5D	857
A2OW356OMJNAVH	858
A2OWR5G2OAQF7C	859
A2OY6P98P87047	860
A2OZ6PW2W5FQTP	861
A2P739KOM4U5JB	862
A2PATWWZAXHQYA	863
A2PD27UKAD3Q00	864
A2PK64OVZA1U8Z	865
A2PL0US7RN67G	866
A2PMR2PIGWKCQ9	867
A2PNOU7NXB1JE4	868
A2POEZE9CZ7J7C	869
A2PREU4LOFQRB1	870
A2PSC7LUNIDEAH	871
A2PSD2R9A1CXG7	872
A2PU5IDX61XJ7A	873
A2PU80LCKRMC9X	874
A2Q2A6JKY95RTP	875
A2Q8GFSEUSGJ51	876
A2QDOJFFLFGF18	877
A2QH6LESI5RTO5	878
A2QI2NTDTMK2FV	879
A2QIL6MHF0S9S5	880
A2QR043WBXXX6L	881
A2QRXQPHDMFCQV	882
A2QSBOAAGW1I1H	883
A2QWHEI914GHRZ	884
A2R1HUYHXV7H18	885
A2R80172BBNSTA	886
A2RKI7RPP5CJMG	887
A2RME4353Y911C	888
A2RMVKGPSIISC0	889
A2RN2AO4BE6F4K	890
A2RPVYLTOWGGRP	891
A2RQOO8VYAEZZG	892
A2RVCF21L2NPU5	893
A2RW587355CMVA	894
A2RX62V4E2BF5Z	895
A2S26YGSVXBCFL	896
A2SH6A32BE6NEV	897
A2SH7OWE8QJYNC	898
A2SLX6UHHYCMCV	899
A2SNRRXE9M9ZDY	900
A2SPI5WNZLOJ2U	901
A2SPV96SGOEO2	902
A2SRVDDDOQ8QJL	903
A2SSV6KM3W1VFD	904
A2SY92ZXU2FOEU	905
A2SZLNSI5KOQJT	906
A2T5R4NOTKFBQV	907
A2T7GZ74MZI0MN	908
A2TBAUW2W7J538	909
A2TI5R93FF69UN	910
A2TO2BN3P4C00L	911
A2TSTJP0B3A3H5	912
A2TVH2OBNXYXHV	913
A2TVJ0YDW3QO63	914
A2TXMYYGSZCSZ1	915
A2U4AV00V0U6VV	916
A2U6GHU2EMC5M5	917
A2UAVYFK0WQ36R	918
A2UBSGFCP2QFNV	919
A2UEB48LAWFUCW	920
A2UKE7GIVC7XFW	921
A2ULQOGN59LDNK	922
A2UM324B00HBC8	923
A2UNEEEJNHGS2D	924
A2UOHALGF2X77Q	925
A2UOLBX7155MY3	926
A2UQGGK8VJPUH5	927
A2UQIQUOAB47OT	928
A2UR9I3QSTN4G3	929
A2UT0FWM1DHKFJ	930
A2UVDPBRZTWN6S	931
A2UVYN2FO7X43V	932
A2UW9WI22QKMZE	933
A2UWPPU5GZLMQZ	934
A2UYGOYMV73826	935
A2UYWE97KME0M	936
A2V0I904FH7ABY	937
A2V2URLB31HG59	938
A2V4P6IRCK1P70	939
A2V5M5EJPOD2IU	940
A2V5R832QCSOMX	941
A2V92F5R7MLCVI	942
A2V9DTXTQ5YIMK	943
A2VAD79S4A06DD	944
A2VH0UT5EQFB6P	945
A2VIUUWR7B11KS	946
A2VJJ2POCLMED7	947
A2VRAT69JDAD3W	948
A2VW4FYZILSXF2	949
A2VWE5SGNDS8HW	950
A2VX9MWJ8LEIN1	951
A2VYA302TO2K1C	952
A2VZP50FSYD6CO	953
A2W0XCWOK3MW6F	954
A2W2E6BPPYZO0T	955
A2W4014S06NAIT	956
A2W9I628I6SE1U	957
A2WB4OWBUH2VQX	958
A2WB7LZ595CR50	959
A2WBEJH71SND3T	960
A2WC9NFLG57W4H	961
A2WE93LJX8PMT1	962
A2WLNSZ9U0T1S3	963
A2WN1QF8GSVHYV	964
A2WPL6Y08K6ZQH	965
A2WVF9ZQ068DN0	966
A2WW57XX2UVLM6	967
A2WY52YD5GAEIB	968
A2WZNM833CJH82	969
A2X06FP2PQ6EK0	970
A2X2CJK2C5WZVW	971
A2X2WTEVCZ5L8N	972
A2X396SN5F0H0S	973
A2X3L31KCXBHCL	974
A2X61KKXXR6WNP	975
A2X6J6AFLLYVXH	976
A2XA8CW5DF4MNZ	977
A2XAKGRUHIE2ZA	978
A2XAQOWHRPY98K	979
A2XAYPFY2PI145	980
A2XBE812RSFZO7	981
A2XFM8PN6G0B02	982
A2XH6KI5ZLRLPS	983
A2XIOXRRYX0KZY	984
A2XJYQ2V3ZVZFL	985
A2XNOB1T796Y6B	986
A2XOV3ZKGDK55G	987
A2XRMQA6PJ5ZJ8	988
A2XRZV63X79YSJ	989
A2XSY4L7GDHV4W	990
A2XU6J41ZQOJ2V	991
A2XX2A4OJCDNLZ	992
A2XYH8IHILWW7X	993
A2Y3WWPUKIJ59I	994
A2Y739CRM15WDL	995
A2Y8IDC1FKGNJC	996
A2YB7DLC3FOR7W	997
A2YCUCEYXT9VHX	998
A2YEOR4XJ8N3QE	999
A2YJE1LWDVOZ52	1000
A2YKWYC3WQJX5J	1001
A2YPB8IOEU10XJ	1002
A2YPGQH2UGGTM2	1003
A2YQ2ZI65F37N8	1004
A2YV6F6DLENNTM	1005
A2YW1MG1GKU8XD	1006
A2Z2FATA8JNL54	1007
A2ZGDHLJ85T6AD	1008
A2ZHH7AK83JB5G	1009
A2ZHSXTQO831OS	1010
A2ZJPDH0YP90SD	1011
A2ZKQC0XCIIAEM	1012
A2ZT5LYQVJQJAU	1013
A2ZXBFBA7EKYNR	1014
A2ZY49IDE6TY5I	1015
A3006WHOAYJRLI	1016
A300QB98FO5UBO	1017
A301B6L3TCD7WL	1018
A305XM71TF83CY	1019
A306153FTKS9PL	1020
A30638B9S2GOM8	1021
A306NASGVUDFKF	1022
A307YFSORUAXSQ	1023
A3091RP0SPZLMN	1024
A3094EPI56GKZ6	1025
A30IP3E4MDQ36	1026
A30IP5D5DLHRPA	1027
A30JPZ9TZ7I61U	1028
A30ODR6WBE61UB	1029
A30R8VFR16RE32	1030
A30TUN35ZE3NEU	1031
A30U2QQN2FFHE9	1032
A30UIZJMFL9PLT	1033
A30X750M8V1XXW	1034
A30Z0GG96D11EO	1035
A312UBIOP091MH	1036
A318IDAWJ9ZYAY	1037
A319Y83RT0MRVR	1038
A31AVXMESQRQAC	1039
A31COKWABW2WH2	1040
A31HE83MU98GBV	1041
A31HO6KB5H5PL9	1042
A31P4BOR51YD0C	1043
A31RULW0KNYJ5H	1044
A31XW1RTQ4ZG9W	1045
A31Y28UEDXQ0HB	1046
A31YSTICHFYN7O	1047
A321W4SSC0F6AP	1048
A324A25PC1DFMF	1049
A328S9RN3U5M68	1050
A32B6XWNR55SRL	1051
A32E5G5T902WRV	1052
A32F1YXKEJNMMU	1053
A32GCOTGFJ9XC3	1054
A32NEDX6UVV8DE	1055
A32O98PFC3OP7K	1056
A32RYIYZOQDBQ7	1057
A32XGYDA14KT13	1058
A32ZKBXJJ45BRY	1059
A33230MIA3W7G4	1060
A335GUD1YBS31U	1061
A336FE20YZZL3A	1062
A33B3XCIXB4ZVG	1063
A33C1XXJYLFW0X	1064
A33HIV8RXRDM88	1065
A33JGP7NR4BV8W	1066
A33LH3ROCD8AY4	1067
A33PBU9EHZ28PC	1068
A33PVCHCQ2BTN0	1069
A33QUFNY4E5D0	1070
A33VELHWFACU48	1071
A33VI944SO2YCN	1072
A33VTJLP5VFAQI	1073
A33X80DIINN48Y	1074
A33Y8C4818EJL0	1075
A33YZNZIRA3H97	1076
A342PAZ5NSQRM3	1077
A343C98QJO0JBE	1078
A34A7QEBMYTALW	1079
A34BZM6S9L7QI4	1080
A34C98SJU4M7DD	1081
A34CSXOGVYF94S	1082
A34DQINHT6NYJU	1083
A34GM17T6WTJDK	1084
A34IBXM7E8CPWE	1085
A34T6SD5HUGLCJ	1086
A34TNH973Q9XT0	1087
A34U4Y40W1GW9I	1088
A34UVV757IKPVB	1089
A34VCCL1YO6D0I	1090
A34W7QA4J5UTOR	1091
A350HRB16YUX9P	1092
A353U0L2HAMSHV	1093
A356RFKNIG043B	1094
A357B3PUHSVQA	1095
A35HOUWHAYZZN6	1096
A35IX2GE0VC0JP	1097
A35JP8KSV9281K	1098
A35LT14WG5BX0T	1099
A35NOFKHK8P2LU	1100
A35ORHRXYF9HM1	1101
A35Q0RBM3YNQNF	1102
A35VI0H5AFHOJ5	1103
A35W3JQYP0M655	1104
A35X2JJI49OBZP	1105
A361U4SXK7FCQE	1106
A36A1ZYZH8568P	1107
A36AIK1DQPSRNT	1108
A36HEY6E2XQT75	1109
A36IHC0K68NS2	1110
A36JO8IHKYBMMJ	1111
A36K2N527TXXJN	1112
A36K8DLXYRUMBR	1113
A36MP37DITBU6F	1114
A36PFPY4O3E1DV	1115
A37071Q86HR6FU	1116
A375NF45A1MDWI	1117
A376OJHLE6SU9Q	1118
A379DLIAF0MFM5	1119
A379IB3EYAEL5	1120
A37D2TGTIXRV2N	1121
A37DXIENIDHTVY	1122
A37FFWZUGO8L7W	1123
A37MH7ICH80QOX	1124
A37NHGD0WTRYFH	1125
A37OYVYHR5U4NU	1126
A37PV5GMP2ILJC	1127
A37PZJH2F13IOR	1128
A37RIRXE3WECZ	1129
A37WVR9M1STQDU	1130
A381MT950I6KRL	1131
A383XURHVF8ON6	1132
A386X4249V04D4	1133
A38BE06WWL20AY	1134
A38JGO3ETNO8HR	1135
A38MQHVEICK46P	1136
A38NEDIGZZ2ZFT	1137
A38NELQT98S4H8	1138
A38ON1MOZNBCGE	1139
A38QHZEEYZKT27	1140
A38RMU1Y5TDP9	1141
A38VQ2TIPPBKNN	1142
A38Z8ZXX1BPFRL	1143
A390XPHE9J7DBO	1144
A3963R7EPE3A7E	1145
A397CWU6DM3O5G	1146
A397T67APEEASP	1147
A398R165PXFOSS	1148
A39BGN8JA7CIFX	1149
A39BNXIZYAJYP0	1150
A39D7ONPOORMUT	1151
A39E7IWNHY62JT	1152
A39F7XOVXQ0LZK	1153
A39H1GO9E3YQIB	1154
A39KOJG83K8F1U	1155
A39LRLKACX89IP	1156
A39NB225G8LYPY	1157
A39WWMBA0299ZF	1158
A39XAXOXLQODNC	1159
A3A15L96IYUO6V	1160
A3A1OA237FOZFK	1161
A3A7Y3TSPPZU9T	1162
A3A8FMW6BDJ166	1163
A3A90CELVLOUP6	1164
A3AAK33K3BUUTM	1165
A3AHDR4F2J7YXX	1166
A3AHOSISKNBLZ6	1167
A3AJCNF56KL0B3	1168
A3AQHM23X4PCUB	1169
A3AQO91DYWF8R0	1170
A3AQP2VX0TJQ73	1171
A3ATKIU6MZZ4MU	1172
A3AVJCB1ZD6ZY5	1173
A3AW05VYWC3LX8	1174
A3AWV00ZU7MSK1	1175
A3AYF9CD4PXDJR	1176
A3AYSYSLHU26U9	1177
A3AZI828WJN1CD	1178
A3B7J2945PU1P0	1179
A3BAE79NXFDXGV	1180
A3BAOIC7JMCY6R	1181
A3BFDEBT5IV4UN	1182
A3BH63GKL7MQ2K	1183
A3BI8BKIHESDNQ	1184
A3BKNXX8QFIXIV	1185
A3BMK3DZDH0N6Q	1186
A3BMMUPJUSXLLX	1187
A3BN3TMY1S9F7C	1188
A3BNMHRW2R35LK	1189
A3BRMNYJHD5AT3	1190
A3BTL4FV6ODKAT	1191
A3BVN2QBNPBHCR	1192
A3BZUQXA2QHDI2	1193
A3C1QYGEET3BVY	1194
A3C2JQC6R2K52C	1195
A3C6CZC2JP67VK	1196
A3C9Q3KTNNLJJ	1197
A3CA3RWZYJDWXE	1198
A3CBCVHIK3G76X	1199
A3CG6YLYZJXQG4	1200
A3CG93783LP0FO	1201
A3CHMHGSJSQ02J	1202
A3CIHP9FFPE9I3	1203
A3CLWZGMC7M9Z1	1204
A3CMDR34KFLGFX	1205
A3CNJR9MD5BFKL	1206
A3COBFLNYK52TE	1207
A3CW8OUDH7M079	1208
A3CWEK9HY2VPDL	1209
A3D0HMC6RQT0N0	1210
A3D1TZH619NKHN	1211
A3D5B2CBFNJB0K	1212
A3D822N1K2IAQD	1213
A3D9BTRM4JOU41	1214
A3D9NUCR4RXDPY	1215
A3DD96LN8U1NM	1216
A3DFH4CKPIT0N9	1217
A3DH53FPYSP9E	1218
A3DJRNEMOM1XF	1219
A3DKM0STAF66Z5	1220
A3DOPYDOS49I3T	1221
A3DS0VAXL90E26	1222
A3DZFEICHK5LF2	1223
A3E3GD3TABXKU1	1224
A3EAP2VG0BVYWX	1225
A3EE0H0NWQ9QVL	1226
A3EFSLEMHNPP6A	1227
A3EI4K5U61UZ7	1228
A3EJ8XHVDC0CWH	1229
A3EK2KTYHJCPB9	1230
A3EM243NDJ4DF3	1231
A3EOVXI1VZIHUQ	1232
A3EP6YVAYS9YM3	1233
A3EPHBMU07LZ50	1234
A3EPJSPH03AS29	1235
A3EUSH8DPW75LR	1236
A3EX36SNRYD5VL	1237
A3EXIZWHSNVNME	1238
A3EXW4HNYX7HF5	1239
A3EXWV8FNSSFL6	1240
A3EZHMGGWY74HY	1241
A3F2926FPOBNL	1242
A3F2VVIQIY6U64	1243
A3F3B1JPACN215	1244
A3F3B6HY9RJI04	1245
A3F68N9OI8Y67	1246
A3F9CMU8KNAY1M	1247
A3FBM0RMCMAABV	1248
A3FBMSWBJ202SF	1249
A3FD3BHIUYIFPD	1250
A3FEGTOLCWXSV4	1251
A3FFKU2MTCOBM1	1252
A3FG0FQHNV2UP2	1253
A3FHDBBXZFNQUK	1254
A3FHSLWEMH7JD8	1255
A3FKGKUCI3DG9U	1256
A3FKPBNI7UWQFW	1257
A3FOSLM5G1BO63	1258
A3FQZH8PJB535A	1259
A3FS3FJPD3RJTD	1260
A3FWVV13DJELLV	1261
A3FXT4UPI30K7S	1262
A3FY3H6F4249E0	1263
A3G007LQX6KGOD	1264
A3G5MOHY1U635N	1265
A3G7BEJJCPD6DS	1266
A3GASQRWPQW28W	1267
A3GFK7F5IUF60X	1268
A3GK1O5S6188AJ	1269
A3GMRYV7VAYK5Q	1270
A3GMVCTJTHYG1F	1271
A3GRN6J64F2C3X	1272
A3GRPS2NYINLX4	1273
A3GS7OZXUEW48R	1274
A3GSTWRM0DOU86	1275
A3GVD3O9QG6I0V	1276
A3GYY4CBRUZRSO	1277
A3H5QGH5OD2XGX	1278
A3H6NNGCINPLEC	1279
A3H7087YTQO9PO	1280
A3H7AOFQDPU0JV	1281
A3H7NPNDMGLOU4	1282
A3H8PA7AG48K33	1283
A3HAA7H8PBVM78	1284
A3HE6SU1IZO053	1285
A3HETHW2XD3DWH	1286
A3HG0DNFURFXR4	1287
A3HJHV83O2U8BL	1288
A3HLTHHLPKLRQA	1289
A3HNLJGBLFBJIA	1290
A3HPCRD9RX351S	1291
A3HQAPXAJV7PRX	1292
A3HRDRQ5VAFPQS	1293
A3HUC8541SJ6UT	1294
A3I1BJIFFM4S21	1295
A3I2WE58OUUEXG	1296
A3I5YPJZMTG1QO	1297
A3IAU6ZPVF2R5K	1298
A3IFKBUE064H5V	1299
A3IKLTT9JQACCI	1300
A3IMK08UX0I46A	1301
A3IMO49QD6OYKN	1302
A3IOCPLIMYDBCD	1303
A3IR834T7AROBT	1304
A3IUW081KXD3PE	1305
A3IVDLIXVJCRDQ	1306
A3J029KBNG5MNP	1307
A3J356L2ADK05Z	1308
A3J3OCM6PPWNRY	1309
A3J3ZHGDUDPCFL	1310
A3J6V6FWETLBDU	1311
A3JCWGHCVC2ZNF	1312
A3JH18T58CY65P	1313
A3JHC8O59WDHFZ	1314
A3JJUCA6K4P31H	1315
A3JLERGZ90RMZH	1316
A3JLOIXFM75QNV	1317
A3JPFWKS83R49V	1318
A3JPTQPOKO6TVO	1319
A3JQ58CZBV3FOZ	1320
A3JRW716H3AX14	1321
A3JT29L4YFEIMJ	1322
A3JUHP1E3WUHEA	1323
A3JVN244YWI3F3	1324
A3JXBZ8F65100O	1325
A3K3SE4RK846WO	1326
A3K4AJLVHAH4OZ	1327
A3K5NP63E32ZBG	1328
A3K8AU6BAGN60E	1329
A3K91X9X2ARDOK	1330
A3K93OWHKHGI9V	1331
A3KCKECEO3E2AN	1332
A3KDO3XV0MK1GX	1333
A3KF79AODCE7YE	1334
A3KMYHC1E69P32	1335
A3KT85K6QPMGSV	1336
A3KZCNV1N8R9GC	1337
A3KZEGBTPH6MMF	1338
A3L1DTUER1OUR8	1339
A3L1MEXXDI4Q77	1340
A3L2KYOYDWSRPL	1341
A3L8XRYMLZZES6	1342
A3LDLV1GWQJLEQ	1343
A3LGT6UZL99IW1	1344
A3LL8PH49PZUG7	1345
A3LLJTKU4USS6O	1346
A3LMPD1ZQTWOC4	1347
A3LN4AOPBIUQWR	1348
A3LOGP4VA9DX46	1349
A3LWC833HQIG7J	1350
A3LXXYBYUHZWS5	1351
A3LZA698SQPCXE	1352
A3M174IC0VXOS2	1353
A3M1PA1C98XNGN	1354
A3M1PLEYNDEYO8	1355
A3M2O06MCHJG18	1356
A3M6KV5PDU46YI	1357
A3M6TSEV71537G	1358
A3M7R4PD0FEPUB	1359
A3M8R4JD1SIS76	1360
A3MDA891A1EPT8	1361
A3MEMX0XF00TBD	1362
A3MFORLOKIOEQY	1363
A3MFU0GVZUVH3K	1364
A3MHGA6BJJ7P27	1365
A3MJYQFHRYLUUB	1366
A3MQ15651KGVLJ	1367
A3MUSWDCTZINQZ	1368
A3MWP39R0W9TQX	1369
A3MZNRSDQ32UUH	1370
A3N4CUW4UYC9I3	1371
A3N4VTNFPMTHEF	1372
A3NCIN6TNL0MGA	1373
A3NDUBKYPI47N2	1374
A3NE5KEHD57Q6S	1375
A3NEAETOSXDBOM	1376
A3NHUQ33CFH3VM	1377
A3NKSVKXMM5I4T	1378
A3NM1MT3Q2FHXV	1379
A3NOBH42C7UI5M	1380
A3NUUJF2S2ZWAD	1381
A3O6E5TPE705HF	1382
A3O8Z6IZ0VU3BB	1383
A3OBP99ZV5TG6C	1384
A3OC42X7H74D1Y	1385
A3OC93X866Z8TB	1386
A3OEIPLU13BEW2	1387
A3OIQ3T0OIKY66	1388
A3OJX18B60PJR9	1389
A3OMOR0QCB74TM	1390
A3OO4WIO4SKD55	1391
A3OQ47ZE3GEI0O	1392
A3OW12V8O7G5LD	1393
A3OXHLG6DIBRW8	1394
A3OXRFCJI67IMN	1395
A3P8N3YORM08CA	1396
A3P8ZDHC7XSKSE	1397
A3PD8JD9L4WEII	1398
A3PE884TA8529G	1399
A3PECZX773ME74	1400
A3PEOF0GX4EN38	1401
A3PGVJF37JSHFO	1402
A3PIW7ZF4C5ZJL	1403
A3PJZ8TU8FDQ1K	1404
A3PNBZ60XRKZFP	1405
A3PPO2X5PJE1L9	1406
A3Q1EDCBV2KU8D	1407
A3Q1J68QY1MZQ9	1408
A3Q4TYJVAM4IRM	1409
A3Q9HY0LU7MN6E	1410
A3QD59N3M7O7KB	1411
A3QD7VWBD470D2	1412
A3QEIVO8AB3YMU	1413
A3QFGLTU232O72	1414
A3QG32P5IF3JAK	1415
A3QJU4FEN8PQSZ	1416
A3QL857ALV5RCJ	1417
A3QNQQKJTL76H0	1418
A3QS4WWC1LCA6H	1419
A3R19YKNL641X3	1420
A3R1WFO4KIUQXZ	1421
A3R33KMESG0XGQ	1422
A3R4794K2RVU1S	1423
A3R56AWX8PRQLP	1424
A3R5GTYQ50QVMD	1425
A3R7RE5O61M112	1426
A3R9H6OKZHHRJD	1427
A3R9X003XW0LNR	1428
A3RFNCMOL3FSE8	1429
A3RGHO0Q938FRS	1430
A3RGN75LHYAG8U	1431
A3RGQ4R9M2ZGWY	1432
A3RLNYIEW60LR8	1433
A3RR2P5IS3DGPR	1434
A3RYSRBRTZB0JD	1435
A3S0DBBR693O06	1436
A3S0Y5GVW1CYRW	1437
A3S15YGZ6W6EV2	1438
A3S3R88HA0HZG3	1439
A3S5WYWYKSAI9C	1440
A3SBZAOPPY40IT	1441
A3SDBL8SJC2ME3	1442
A3SGRYIICHGMX	1443
A3SKMWPVR5CO1H	1444
A3SLC8F6VIWXIR	1445
A3SMD3T0QTN109	1446
A3SMR4HRFJARSC	1447
A3SX5MZTCZRQLF	1448
A3SZXYX9YEDGT6	1449
A3T0EJIUQDEWNI	1450
A3T1LD0C65QCWK	1451
A3T4OHEAHOJ700	1452
A3T6HX48F66512	1453
A3T7V207KRDE2O	1454
A3T8WOFS5RD2IR	1455
A3TAS1AG6FMBQW	1456
A3TB9HNQR54B5V	1457
A3TIL1PC2ZE97B	1458
A3TJSWA0W9ITYE	1459
A3TMBYDFP1B9DM	1460
A3TNM3C9ENUCFW	1461
A3TNYNA2360NPA	1462
A3TP31S61PPE3G	1463
A3TPNC3TKGCCEI	1464
A3TUMSXNLZJVC6	1465
A3TX46J8SBZPG3	1466
A3TX58JY0EZBPC	1467
A3U029B8Z5WGI2	1468
A3U0S17XYK8XMJ	1469
A3U1S5KR287T3I	1470
A3U1WPDQLP9CQ	1471
A3U41ZL33SS92P	1472
A3U4GW06XNSI2Q	1473
A3U5CZ3PV82JXD	1474
A3U5HKDHPYBAK3	1475
A3U5JCXIXTGSLN	1476
A3U6J0DLLDEWM2	1477
A3UBDVOL5UDIIB	1478
A3UIH7DCQRA21L	1479
A3UJRNI8UR4871	1480
A3UKBPJ19RDC3I	1481
A3UKWQS8SRW6IO	1482
A3ULJE7UMUGSXR	1483
A3UW0PQLDUACMH	1484
A3V15SFD7918WZ	1485
A3V1AHX8P4R839	1486
A3V1EPSE6XDC0C	1487
A3V2EZ6MA32FF6	1488
A3V55DVYU80LDS	1489
A3V6Z4RCDGRC44	1490
A3VBXQKRM7A4JR	1491
A3VBZDYGHF4NK8	1492
A3VGAP2KLCBNBB	1493
A3VGSA71W3ZPM5	1494
A3VI2VETB90ZG5	1495
A3VJ27010XUWTF	1496
A3VLCQX7NG1N0E	1497
A3VMCKYN22X0CO	1498
A3VS2RYRGDW4HS	1499
A3VSO43VH3H0AT	1500
A3VTOLNB5N6FVP	1501
A3VWGPUMJMVD1I	1502
A3VYKXHQDICC6	1503
A3VZH0PWLQ9BB1	1504
A3W2UTN0BC4ZKD	1505
A3W4D8XOGLWUN5	1506
A44OY8EFDM4IP	1507
A45S6D1P309G9	1508
A47D5C32VLQM2	1509
A4BNJSZVARL5W	1510
A4D5B7Q8A7PA6	1511
A4EBYIKOMYFF9	1512
A4KJTS5P78ICU	1513
A4QC76NMWE5OC	1514
A4QXTN3K865NR	1515
A4VMQ6ZTSXSSL	1516
A4WEZJOIZIV4U	1517
A52X1I4UT56KL	1518
A537XC69FAD3J	1519
A54REBNBBP8C0	1520
A55LS2HWPQB0Q	1521
A55PCTJ6NINET	1522
A55PK06Q6AKFY	1523
A57Q87B0TC9IJ	1524
A58F10T4OE58C	1525
A58N07M0ZCYMB	1526
A5BJMAHZWGJ7N	1527
A5GPH59NDWJRB	1528
A5H8NA5CJ0FK4	1529
A5I3B25LKW8GK	1530
A5II29J0V20A1	1531
A5Q1FK0FWU7DH	1532
A5U5T6EWH90O0	1533
A5VJUBG4HK80	1534
A5ZD6FBMZQGDS	1535
A601IGAG8FWGW	1536
A63GSML234W5B	1537
A688RIZ2POWSQ	1538
A6B92PTV0Z1SU	1539
A6HOWM08PLFZ5	1540
A6J8D9V5S9MBE	1541
A6LUXI8I8BU6P	1542
A6QG9LM5WL0AQ	1543
A6SM104267C1C	1544
A6SZZSMX7DQG1	1545
A6VPK7X53QNAQ	1546
A6VSWJVTWEOII	1547
A6X1O3A5C5FX1	1548
A70NFM6KHU24F	1549
A71W7G4TCTH3T	1550
A73DFWJE0CGY6	1551
A79372WBA9IJM	1552
A7C77J4MH94B6	1553
A7ED6BJO320TG	1554
A7EK88GF8N40F	1555
A7EU2BWLLCJY2	1556
A7M85H7UTJEKI	1557
A7NRL3R5C0AL4	1558
A7OCP4P0S4YO8	1559
A7OXU4EOFTXOB	1560
A7RFDGVXDYQLJ	1561
A7UPJYPAH73NC	1562
A7WCB7DDU6J5Z	1563
A7YMD8MSOBO1I	1564
A81XIM8XFKWX5	1565
A84FLVDK2R5JF	1566
A89ZZKNDFQH23	1567
A8DZKOEN0DNRA	1568
A8EBWQZIDKF78	1569
A8INT3NMHRUS4	1570
A8KWNRQPZLAXC	1571
A8QYRG7TW491B	1572
A8SPPHKETDZ41	1573
A8UM78SMPSHC0	1574
A8WAYVOKYBLO6	1575
A8WEXFRWX1ZHH	1576
A8WXLST0944GZ	1577
A914TQVHI872U	1578
A91BK8S5QH98K	1579
A91TB0WX94MHP	1580
A928HCGAQTU6X	1581
A96AUNSF6GESO	1582
A96JD9312DHWC	1583
A9GPCR9WJQCCJ	1584
A9KLAL1CXZ0W5	1585
A9NFFAZF3LIB2	1586
A9NXTC0HTPSDO	1587
A9PG9ODPPP31N	1588
A9WO6SOUAHQ8A	1589
AA8F2HV4DPV2T	1590
AA91O96C1Z18W	1591
AAA0TUKS5VBSA	1592
AAEHOTZ1GRAUX	1593
AAPPWNP9FWVWS	1594
AARHLUIV2NNI2	1595
AB0Y33G717HOU	1596
AB8TX5GQQZTS8	1597
ABC68JUCPTVOE	1598
ABDR6IJ93HFIO	1599
ABHXZATQYQVAR	1600
ABJVSQBJ4G438	1601
ABKNRVFFLEA3M	1602
ABL3PCYAQ1Y4C	1603
ABLLHG0REGFX7	1604
ABNMD6670TV53	1605
ABOTQXNUBA1MM	1606
ABSYIF0ONC2AF	1607
ABTUNH7645QJL	1608
ABUE0ALHKWKHC	1609
ABY77ZEHN9WLU	1610
AC0HPFQVBZVGY	1611
AC1YLEFC9AN5X	1612
AC62SNVRI158P	1613
ACAXV4V8PBCE3	1614
ACEA95FQS1AVP	1615
ACJ9N7ED37HXS	1616
ACJT8MUC0LRF0	1617
ACL0T7X1THPAV	1618
ACN76NFHYL6JK	1619
ACQYIC13JXAOI	1620
ACR4HKUT808U1	1621
ACREHLVRC4H5B	1622
ACSX5AIZE3MJ9	1623
ACT1EPHFS9E7V	1624
ACUGBCEADYT6D	1625
ACVDL5QRCOPE1	1626
ACWVXZ8VKJ19V	1627
ACX80IV6CGBZ0	1628
ACYMT1PL5FO9C	1629
ACYR6O588USK	1630
ACZ4YI6UWRVOG	1631
AD1ZOPB0BBEHB	1632
AD34TCPEP7P84	1633
ADDDFVHP3CSVA	1634
ADEVBXUS0RSIR	1635
ADEZOPMPKK146	1636
ADFLPF6FI3W0O	1637
ADJ0G262H54GP	1638
ADKZOXAOV8EXD	1639
ADLVFFE4VBT8	1640
ADP8ROI8NMNL2	1641
ADS5APY1NKTL4	1642
ADS99W8WMEXZ2	1643
ADSFKIX44X8JV	1644
ADVSW4W1HHYF7	1645
ADY836HK6QSYR	1646
ADYZOSTF9LZLD	1647
AE12AEJFCOGGY	1648
AE2MKYLMTYF21	1649
AE61FFT0GUD2G	1650
AE88D7OM7YU99	1651
AEASNN4Z1IWB2	1652
AEBNOFNP172KK	1653
AEC90GPFKLAAW	1654
AEE52GO98PFOL	1655
AEJAGHLC675A7	1656
AEL6AD2AL2UX8	1657
AEL6CQNQXONBX	1658
AEMSGB00FL3YO	1659
AEUY5C51JAWWH	1660
AEWYUPCNDV7HY	1661
AF3BYMPWKWO8F	1662
AF3EWORDT15AU	1663
AF8SREA2XE7BJ	1664
AFDJGY68CQL2X	1665
AFEYHFH2GH0QZ	1666
AFFVUZEGP1FDQ	1667
AFHYEO3Y1IIDD	1668
AFICF7DKHTQ87	1669
AFVDHQ4W359NH	1670
AFVKI7BCS3FSX	1671
AFWPLXT2OD6H1	1672
AFYPYQAFA31JU	1673
AFYQ9V4XBVCJ1	1674
AFZJNYR931ZCN	1675
AG6JWI77UMETS	1676
AG6TX1ZJHLMO7	1677
AG71XMQGQ2UTJ	1678
AG7EF0SVBQOUX	1679
AG8E2F0G98ZTB	1680
AG90OGHDGOOVH	1681
AGBFIQMV9L61Y	1682
AGEKVD8JPZQMT	1683
AGFGY4EJ37VS2	1684
AGFSSC5DBY2HU	1685
AGFW667QNHDOY	1686
AGGAQLXPVGM5D	1687
AGHIUO1B3IF8H	1688
AGJRUK27RBVYS	1689
AGOH8N902URMW	1690
AGV0RUQJHFW3S	1691
AGVDI7RLT24WJ	1692
AGVWTYW0ULXHT	1693
AGXMC3ITWZASE	1694
AGXV8E7XK9J6H	1695
AGZEK96T7WK6	1696
AH1KJ45IQTM4T	1697
AHFGCH8LANEZK	1698
AHGGSY182427	1699
AHIK7BUXFRMT8	1700
AHKPZ11JT110F	1701
AHN86VFJIJ2JP	1702
AHNHLGKIZ2N3B	1703
AHQ13I9CI4US6	1704
AHQRU3MRORIWQ	1705
AHRNDSKWH1YBT	1706
AHSHR8WG45XRT	1707
AHUT55E980RDR	1708
AI0PLL5DQAHRG	1709
AI8EMB0HUC6Z5	1710
AIBRTGBN07D6A	1711
AIEEK7AHXKZCC	1712
AIFLY2HF8NS8U	1713
AIIR8E34EDKCQ	1714
AIJQU979J6UFY	1715
AIPD8IR5PN4G6	1716
AIREHOF22MIBM	1717
AIST7V8XF4A18	1718
AIVZMEFEAGF3	1719
AIW4CHZOM5W7D	1720
AJ2FDNZ3COBFN	1721
AJ329F9H546BM	1722
AJ6H9ZV7TJUUT	1723
AJ86MYUT3VJE5	1724
AJ8SVXL3SJN7T	1725
AJ9AE2BVND0GS	1726
AJBF0L0KVJG8J	1727
AJD41FBJD9010	1728
AJPL3ONHKVVKI	1729
AJQDIT55SZ3ZX	1730
AJRFZ0VZ0LD26	1731
AJV985MKGCIQ0	1732
AJWQKYD4B4Q8V	1733
AJX9A4Q19UTJU	1734
AJXDBMJBVUGSR	1735
AK1WNXTHNCG5V	1736
AK7CAW3N1XZV6	1737
AK8LOFYRZJJW0	1738
AK9FTWLCW09RR	1739
AKCZIJ6ZHE41D	1740
AKE6DXEN3GWPC	1741
AKJ3P4XK1KN5Y	1742
AKJHHD5VEH7VG	1743
AKMEY1BSHSDG7	1744
AKR4DH6WLF6GG	1745
AKZ0BCILJ71OT	1746
AL1XV4L25FZ2S	1747
AL4SB31UAZLXL	1748
AL6CEWLV2JB90	1749
ALBW2ZBS6Z2AY	1750
ALDAF4VVLFRHP	1751
ALDV8DDZWWPYE	1752
ALDYWG0CPSYUF	1753
ALE3ORJUOOAHV	1754
ALEUQQE118NEW	1755
ALGI34BYWIXZG	1756
ALJGEI5Q70481	1757
ALLHJD3KZF9KC	1758
ALNFHVS3SC4FV	1759
ALOWEXH7NJVJB	1760
ALQ4USPEQ9L5N	1761
ALRCAGJOJ9583	1762
ALSAOZ1V546VT	1763
ALUJ15UFI1422	1764
AM004PHO6F3FZ	1765
AM18CU72YEWH5	1766
AM2IR1V5EU55U	1767
AM3XNQU9TZBD8	1768
AM8J1UVGVYAL4	1769
AM8W6Y3HVXLZT	1770
AM9APPMIE1BHZ	1771
AMB2Z4FMDBWQY	1772
AMRMK86X3PKXD	1773
AMS2CPERWN7JV	1774
AMSSG5FPT8XMU	1775
AMUP8DYE7EAN2	1776
AMYTL79JMGQ6D	1777
AMZCZBK1EF1PV	1778
AN0N05A9LIJEQ	1779
AN0U0GNJJPEUR	1780
AN2CU1YP12J4U	1781
AN4HRAGRHHX1H	1782
AN65KG18M4SDN	1783
AN81JUYW2SL24	1784
AN9J46667D80O	1785
ANCOMAI0I7LVG	1786
ANEDXRFDZDL18	1787
ANEEEFP4BL7ZX	1788
ANHL7BB84WJMF	1789
ANOBZWKE25SBY	1790
ANRXH0BVEAR6B	1791
ANS906E4EOXB3	1792
ANSFRRLSKV39G	1793
ANTGGAQYPSWHF	1794
ANTN61S4L7WG9	1795
ANVPLS56WCKL2	1796
ANYWPIGSTKRO1	1797
AO09RWV40IX78	1798
AO2YECTC3F8BZ	1799
AO5DDG05DHVIC	1800
AO96PLO6E3MJC	1801
AO9UNKQG83BUP	1802
AOAOARIH72UWI	1803
AOEAD7DPLZE53	1804
AOEDWQLH2WKKW	1805
AOEUN9718KVRD	1806
AOJ7QVVV2SXEL	1807
AOKQZVWCLONRH	1808
AONUCJBC85BL	1809
AOP41SVJTXNBN	1810
AORGKBNQZ83O8	1811
AOTMP0OKJOUWI	1812
AOVROBZ8BNTP7	1813
AOVTLYTHVDNUX	1814
AOVUG6TEO2MVO	1815
AOZ2MGUTFOE8U	1816
AP42XSKSJMNYZ	1817
AP6L54VTCJKCQ	1818
AP8D74QD9LUUL	1819
APDPA11IZPYLN	1820
APKVG66TWSGP9	1821
APMYPD97EHUUZ	1822
APP35M28G2U51	1823
APVK8GGSSUDCE	1824
AQ1F3NP2G15S5	1825
AQ2FC1DLKVD8H	1826
AQ2UN38CMK119	1827
AQ6AGWKWMTY8H	1828
AQ6QNM0OOMCZU	1829
AQ6YJM2J2LNOP	1830
AQ8DU6XVA3USJ	1831
AQ9JTZBF30IW0	1832
AQB4DH57MSZSC	1833
AQCJWSMSURQI2	1834
AQH1SWR5HA413	1835
AQIJ3ZEEVCIKU	1836
AQLL2R1PPR46X	1837
AQM0K7MBBT4AY	1838
AQNX0WN00JEVE	1839
AQRN2I355LZ3F	1840
AQSW6WDVCJGB8	1841
AQY5XBYSENNZQ	1842
AQZ4PHIEEV5N5	1843
AQZH7YTWQPOBE	1844
AR1T36GLLAFFX	1845
AR2YG7VMC6T1P	1846
AR33KU52LIBF1	1847
AR3EVUQF0AC7R	1848
AR5SY32T76DBM	1849
AR6APXLK7TJU2	1850
AR74YY08IP2WE	1851
ARARUVZ8RUF5T	1852
ARBKYIVNYWK3C	1853
ARIDN94LOCQFD	1854
ARIZ8PY9ULPHH	1855
ARK5SAGVLW3FY	1856
ARPB88E6F2MFR	1857
ARSQ2F9U315WG	1858
ARTA78TP6H73D	1859
ARTHSLN5BW5PW	1860
ARX7Z3NI6O0F7	1861
ARXU3FESTWMJJ	1862
ARYSDAZNRXN6G	1863
AS44QEHT3KSPK	1864
AS6SH2JM2YY3H	1865
ASAWQWJ7AF5NF	1866
ASB4QQBKZD6W2	1867
ASD7LAINVLNHC	1868
ASF0R1CMSF26F	1869
ASFW4ZMNZJKDA	1870
ASHO96ZB8AL1Z	1871
ASJ0MKRFZC47B	1872
ASJLXOX1VD4DF	1873
ASJZT7DM51QEM	1874
ASNEPTZRP0EDO	1875
ASW22V6LI995Z	1876
AT1RF4WNPGGLC	1877
AT28RL25Q2OLK	1878
AT53ZTTO707MB	1879
AT9U5ZE5OO84C	1880
ATANE2SC44592	1881
ATDE9JYCPI0L1	1882
ATECU14VUIOJ0	1883
ATJE929ETFFNH	1884
ATJV9TWMRNF8K	1885
ATLA5CJH0ZZHP	1886
ATLO3YXU2BC16	1887
ATLZNVLYKP9AZ	1888
ATN4J5VS8Q0YM	1889
ATQ22E6YAUNXP	1890
ATR2C537XOMQ0	1891
ATS2855497V0I	1892
ATS7LYGLUX34L	1893
ATYUQROTHLNYV	1894
ATZJNEXX7LWD3	1895
AU1SKSAF00JJH	1896
AU3GYRAKBUAEU	1897
AUAX1QWUCYKSX	1898
AUEW0SKOB1XYF	1899
AUITG1DJ3QUGK	1900
AUS5X6IMFLJBD	1901
AUV3OR951650C	1902
AUZ3EJAU37NC5	1903
AV1F8VNJPLPTL	1904
AV34KNYW82YSS	1905
AV3XTMK5I2AWI	1906
AV8MDYLHHTUOY	1907
AVFJ327UXPXLF	1908
AVHN134ADVP4R	1909
AVJJ2D4G5I0Z4	1910
AVPNQUVZWMDSX	1911
AVR3F6VQYIMZW	1912
AVU1ILDDYW301	1913
AVXGN90BU95P8	1914
AVYVPMAO26YDV	1915
AVZ1SYMD26S4R	1916
AW5JSQCHC2ZJO	1917
AW6J9IILGOZY3	1918
AW7BIYHXUIZ62	1919
AWAB7PKBO3BBT	1920
AWCJ12KBO5VII	1921
AWE13F1HOCZNT	1922
AWFGKB5SCJAO2	1923
AWH2AY17ZU7W2	1924
AWHZOUIQ0VO7M	1925
AWIF8AR75LL9L	1926
AWJBO5XGIW8ZS	1927
AWKZAUC0D8DYL	1928
AWPN47SSWK1JV	1929
AWPODHOB4GFWL	1930
AWSQ24HPP0UCX	1931
AX0ZTNX6KVJ40	1932
AX329NHW6B7BA	1933
AX7317G153T8W	1934
AX7QMRXX81L9K	1935
AXAJXJZUL2J5P	1936
AXHETL0M8XZPT	1937
AXJTNYD3UK1BP	1938
AXLN36UV9KGXD	1939
AXR3CV6A4FMBG	1940
AXU3VKZE848IY	1941
AY1EF0GOH80EK	1942
AY1I85LLDMETC	1943
AY3D7DG5L5WCK	1944
AY3EENC2BGTGK	1945
AY3XPKRAMKKY7	1946
AY46DEOJJYFTW	1947
AY49JOXTLDOG2	1948
AY4PKA215Z3G7	1949
AY6A8KPYCE6B0	1950
AY91MQZZR750W	1951
AYB4ELCS5AM8P	1952
AYB8XLKTYMTTX	1953
AYGEP8I4BQ3CK	1954
AYGFPGFKAWOVM	1955
AYNAH993VDECT	1956
AYNNJ0DBGL5H7	1957
AYNRALJ4X1COS	1958
AYNTULRNAIPNY	1959
AYO1146CBIV5C	1960
AYOMAHLWRQHUG	1961
AYPIF2S8P3RZT	1962
AYQP8XMHTG2YR	1963
AYUF7YETYOLNX	1964
AZ0PCEZUTF5QO	1965
AZ26CDSJ363AH	1966
AZ4352XO4HH3M	1967
AZ9WQM7SLUX7E	1968
AZA55FJD7CCZN	1969
AZAKCIFE27RAA	1970
AZNUHQSHZHSUE	1971
AZRJH4JFB59VC	1972
AZV26LP92E6WU	1973
