item_orgid	item_procid
B0000CC64W	0
B0009EILKS	1
B000AO2NXS	2
B000E0K7NQ	3
B000F6RFX4	4
B000FBNV1Y	5
B000GUZ8HY	6
B000H8UN3Y	7
B000K7E2G6	8
B000O3OZD6	9
B000P1S0N8	10
B000Q6V1UG	11
B000R46I1O	12
B000R80ZTQ	13
B000UPXU2A	14
B000US0804	15
B000V1BDIG	16
B000V2DLJO	17
B000V2J3ZK	18
B000VPPUEA	19
B000YZGOZQ	20
B000YZGP4G	21
B000YZGPKU	22
B000YZJMHS	23
B000YZLP4Q	24
B00106AC06	25
B0010A9RYO	26
B00127U7QM	27
B0017TZD7S	28
B0018S8MZ8	29
B0019ZMFYE	30
B001A5S3BM	31
B001D0ACUE	32
B001D0IWDS	33
B001D0IWEC	34
B001E6G6FC	35
B001E6G6RU	36
B001E7BEEE	37
B001ECQ4IU	38
B001ECQ4JE	39
B001ECQ4OY	40
B001ECQ4YO	41
B001ECQ55M	42
B001ECQ5CA	43
B001ET7J6E	44
B001EWETAK	45
B001FB5IDW	46
B001FSK8QM	47
B001FSK8SA	48
B001FWXJ4G	49
B001GIOW3G	50
B001IACZEK	51
B001J2ZXMI	52
B001JKTTVQ	53
B001JQLNFA	54
B001JQLNJ6	55
B001JQLNNW	56
B001JQLNPA	57
B001LF4G44	58
B001LF4G4E	59
B001LF4G6W	60
B001LF4G7G	61
B001LF4I8I	62
B001OMI93S	63
B001T8MN16	64
B001U0ONNY	65
B001U0OQL8	66
B001U0OQN6	67
B0020122ZS	68
B0027CT5SC	69
B0027CT5TG	70
B0027CT5VO	71
B0028K3J6W	72
B0028K3J8K	73
B0028K3J9O	74
B002AMUIBM	75
B002DOO1VA	76
B002MO3CG6	77
B002MO780W	78
B002MO9BW0	79
B002MOBZSS	80
B002PBHQP4	81
B002RXW5BA	82
B002SFVP2W	83
B002SWAFVM	84
B002TSA90M	85
B002TSA916	86
B002UUT3AG	87
B002UUT3YM	88
B002XXAUE8	89
B002Z7EOOE	90
B0030DK7E8	91
B0030GFY02	92
B003156NFW	93
B003156OJM	94
B0032DHP6O	95
B0034F9KEU	96
B0034KYDQ0	97
B0034KYDRE	98
B0034KYDSS	99
B0034KYDTM	100
B0034XRYAO	101
B00380DF3S	102
B00387F41M	103
B0038QQ7OQ	104
B0038T17WK	105
B0039NMCPG	106
B0039UTO3M	107
B003BJZ1M4	108
B003CGYUH8	109
B003DKO7RG	110
B003EH20VI	111
B003EH20ZO	112
B003F2T0M4	113
B003FBG7UI	114
B003FKSVMG	115
B003JA3KDW	116
B003JA3KQE	117
B003JA3KSW	118
B003JA5OJA	119
B003JTF3VK	120
B003O5NGJK	121
B003P904EA	122
B003QA8XFK	123
B003QKH03Q	124
B003QOZ2C8	125
B003TPA9XG	126
B003U4LI7W	127
B003V21WO2	128
B003V264WW	129
B003V265QW	130
B003XUROEY	131
B0040H00PE	132
B0041OUGF0	133
B0043OYFKU	134
B004799QZA	135
B0047F9622	136
B004B9C8MO	137
B004BPVF7W	138
B004BYNLIO	139
B004BYSOYK	140
B004BYUQAU	141
B004BYUQG4	142
B004D247SC	143
B004D24818	144
B004D267RG	145
B004D268RA	146
B004DJUHMA	147
B004DK0UDA	148
B004GIM68G	149
B004INQ65S	150
B004INUWX0	151
B004INUY06	152
B004MBJKRC	153
B004MKEGWM	154
B004MTF3KC	155
B004N7DQHA	156
B004PANDIC	157
B004Q8GYES	158
B004SPY1SU	159
B004UDQ6GK	160
B004UKENRC	161
B004UQPCGM	162
B004Y4JNZ6	163
B004YZMKKU	164
B004YZMKLE	165
B004YZMKLY	166
B004Z209HS	167
B0050QJ0S2	168
B0050QJ0YQ	169
B0050QLDGY	170
B0052BHMOO	171
B00547H5U2	172
B0054MSBZA	173
B0055S4BZ2	174
B0057VQ9R0	175
B0058P6S2Q	176
B005ACLU3E	177
B005CE21YW	178
B005F2AD3W	179
B005FKAQ7M	180
B005FPWORC	181
B005HIHD2I	182
B005HO0A1I	183
B005IHS8KY	184
B005KJ353U	185
B005KJ35D0	186
B005QZQ9JU	187
B005R3UYEW	188
B005TI7L6O	189
B005TI7L7I	190
B005TI7LB4	191
B005TI7LD2	192
B005TI7LHS	193
B005TI7NPI	194
B005TI7NQ2	195
B005TI7NQW	196
B005UKNUAC	197
B005UKZAJG	198
B005UL1B34	199
B005UL3LVY	200
B005UL6QDO	201
B005X2F7JY	202
B005X2F7KI	203
B005XIM6J2	204
B005YVI3UO	205
B00604MSSC	206
B0060HOMHE	207
B0060HOMHY	208
B0060HOOA4	209
B0061JQY40	210
B0061KQEVW	211
B0061KQF2K	212
B0061KQG6K	213
B0061YRVMO	214
B0061YRVNS	215
B0061YRVOC	216
B0061YSLKA	217
B00639DLV2	218
B0063A432W	219
B00644YNAO	220
B00644YNCM	221
B0067H6JCI	222
B0068G8DTA	223
B0068G8EZ8	224
B006BNFXHU	225
B006ENQHLS	226
B006GTKSHY	227
B006L2137A	228
B006L2137U	229
B006L6A06Q	230
B006L6A10G	231
B006L6A9NK	232
B006L6AA8Y	233
B006MRM2TC	234
B006MRM2TW	235
B006RFYH92	236
B006RFZ5ZM	237
B006RFZ66K	238
B006RFZ81S	239
B006RFZ8C2	240
B006RFZ8NG	241
B006RFZ98K	242
B006RFZ9IK	243
B006WQBZ96	244
B006YFRE90	245
B0072XR560	246
B0072XRJ20	247
B0072XT8BA	248
B0072XUY7W	249
B0073P01RC	250
B0075J4TDI	251
B007A592HU	252
B007E0FQ1W	253
B007E0FR84	254
B007JT7AEY	255
B007JT7AGC	256
B007JT7AIA	257
B007JT7AIK	258
B007JT7ARQ	259
B007K449CE	260
B007K449EC	261
B007PAD71M	262
B007RTR898	263
B007RTR89S	264
B007RTR8A2	265
B007RTR8AC	266
B007RTR8AM	267
B007RTR8T8	268
B007RTR8TS	269
B007RTR8UC	270
B007RTR8UM	271
B007RTR8UW	272
B007RTR9DS	273
B007RTR9E2	274
B007RTR9FQ	275
B007RTR9G0	276
B007SA3CD2	277
B007UZO2G6	278
B0081E6X1W	279
B0089JVDPK	280
B0089JVEOK	281
B0089JVEPO	282
B008AI211A	283
B008CT12G2	284
B008EKY8VK	285
B008FZ562E	286
B008GSY7UM	287
B008PUJBJS	288
B008R56PAY	289
B008R56PVI	290
B008U2Y9BQ	291
B008U5XRX4	292
B008U5XS2O	293
B008VSYO5A	294
B008X20V6A	295
B008X2133K	296
B0090ELFRO	297
B00910ZHJE	298
B0094C43FI	299
B0094C4XOO	300
B0094C5C3A	301
B0094ELMBY	302
B0094GHGQM	303
B0095BWFTY	304
B0095BWGIE	305
B0095BWH5Q	306
B0095BWHV0	307
B0098JU8T2	308
B0098JU8TC	309
B0098JU8TW	310
B009CZR3Y0	311
B009FKNGGQ	312
B009FKNGRA	313
B009G0E19Q	314
B009G0E59M	315
B009G0E90M	316
B009G0E9CK	317
B009GEUOZ2	318
B009GEUP6A	319
B009GEUPDS	320
B009GEUPMY	321
B009GEUPPG	322
B009GEUPXI	323
B009HKAWFC	324
B009LOJ5MA	325
B009OY8GK4	326
B009RNUH7M	327
B009VGNYFM	328
B009XRF9M0	329
B009XRFA88	330
B009XRFAJW	331
B009YSSLAU	332
B009YSYNIY	333
B009ZRFJFA	334
B00A0IWRRG	335
B00A0IWRT4	336
B00A0IWRU8	337
B00A0IWRUI	338
B00A0IWSIO	339
B00A0IWSN4	340
B00A0IWT9C	341
B00A0IWTBA	342
B00A0IWTDI	343
B00A0IWTEW	344
B00A0J084Y	345
B00A0J09C0	346
B00A0J09G6	347
B00A0J09GG	348
B00A3Q9LPG	349
B00A46OKFG	350
B00AAIOP44	351
B00AAJTDLI	352
B00AE078TM	353
B00AE078YM	354
B00AE0790U	355
B00AE07932	356
B00AE07B9O	357
B00AE07BC6	358
B00AE07BDU	359
B00AE07BI0	360
B00AE07BMQ	361
B00AE07CPM	362
B00AE07CRA	363
B00AE07CT8	364
B00AE07CTI	365
B00AE07EGO	366
B00AE07EIM	367
B00AE07FQI	368
B00AE07FUE	369
B00AE07FUO	370
B00AE07FXQ	371
B00AE07GX0	372
B00AE07H0M	373
B00AE07IEM	374
B00AEM0YH8	375
B00AFBSIPI	376
B00AFCP6F2	377
B00AHF1GK6	378
B00AHF1GTM	379
B00AILKE6G	380
B00AIQOKDY	381
B00AK4QS7A	382
B00ALV8EJM	383
B00ALV8EJW	384
B00ALV8EKQ	385
B00ALV8EL0	386
B00AM7BSXO	387
B00AN5L8IU	388
B00AN5L8PS	389
B00ANJQ8RC	390
B00AO379NE	391
B00AO4E9E0	392
B00AO4E9L8	393
B00AO4E9MC	394
B00AO4EBOI	395
B00AO4EKSU	396
B00AO4EL34	397
B00AO4EMKQ	398
B00ARCQHBC	399
B00ATY942M	400
B00AWLB9EI	401
B00AWLB9G6	402
B00AWLB9I4	403
B00AWLBACE	404
B00AWLBAE2	405
B00AXRBAEA	406
B00AY90J1C	407
B00AYARK2C	408
B00AYOHWQW	409
B00B1DRA94	410
B00B33Y2JI	411
B00BB5YHFC	412
B00BB5YHFW	413
B00BB8ZHIU	414
B00BB8ZHJE	415
B00BB8ZHJY	416
B00BB8ZIQQ	417
B00BB8ZIRK	418
B00BB8ZIW0	419
B00BB8ZJPG	420
B00BB9WBC4	421
B00BRGUNV2	422
B00BTISDW4	423
B00BUMDR1Q	424
B00BV5EX88	425
B00BVKL08E	426
B00C0CVAY6	427
B00C0Z5CYW	428
B00C1006ZG	429
B00C64GX4K	430
B00C67E3GW	431
B00C7DYBX0	432
B00C8YCFU4	433
B00CA05FO4	434
B00CBD0M8Y	435
B00CEPM91M	436
B00CGN9LQ8	437
B00CHJDSUG	438
B00CNOUZE2	439
B00CP0R5LK	440
B00CQ05FES	441
B00CRKHGUS	442
B00CTKKE7I	443
B00CYA5E1O	444
B00CYDSAO4	445
B00D18ZDM8	446
B00D6EDGYE	447
B00D6EDGZI	448
B00D86VPHK	449
B00DCF7QW0	450
B00DCNBST4	451
B00DD94A4W	452
B00DD96JVY	453
B00DEXA0LY	454
B00DJQQEGQ	455
B00DLRNSSK	456
B00DSW9D7S	457
B00EA4MHN0	458
B00EAJQOZC	459
B00EF1QRMU	460
B00EHWP67E	461
B00ENFS6IG	462
B00ENFS6Q8	463
B00EOP3MJI	464
B00EOP3O3C	465
B00EYSNWXG	466
B00EYZY5TY	467
B00EYZY5VC	468
B00EYZY684	469
B00EYZY68Y	470
B00EYZY6SY	471
B00F008GFQ	472
B00F2AFCJM	473
B00F5KDVDS	474
B00F5KDWYQ	475
B00F5KDZ4S	476
B00F5KE8VM	477
B00F6P3DTO	478
B00F9Q6G5I	479
B00FDK0V4M	480
B00FEMQUKS	481
B00FF5B31U	482
B00FFANXMM	483
B00FLRHYCE	484
B00FRDPMQC	485
B00FRDPNA2	486
B00FRDPNM0	487
B00FRDPOVU	488
B00FRDPP6O	489
B00FRDPR4O	490
B00FRDPRBW	491
B00FRDPRQ2	492
B00FRDPSE8	493
B00FU574H2	494
B00G052NFE	495
B00G0K6ZQC	496
B00G2TQNZ4	497
B00G36TJKW	498
B00G3HM9ZI	499
B00G5WO2VK	500
B00G75X158	501
B00G7U29KQ	502
B00GAS8616	503
B00GAXJJYY	504
B00GAXJLRE	505
B00GBL8VJY	506
B00GBMTWDC	507
B00GBQSS56	508
B00GCQMSVA	509
B00GDLML02	510
B00GFBWWWC	511
B00GGH84CW	512
B00GGR7YGO	513
B00GJ7WV8M	514
B00GJG9JBA	515
B00GJG9JCY	516
B00GJX58PE	517
B00GLE8SNK	518
B00GLS519U	519
B00GLS554Q	520
B00GLS55DC	521
B00GLS58OS	522
B00GLS58SO	523
B00GLS5938	524
B00GLS593S	525
B00GLS5DKM	526
B00GLS5DVQ	527
B00GM6H9BO	528
B00GMWMMOC	529
B00GMWMMOW	530
B00GMZUS2M	531
B00GNA9K3E	532
B00GNA9KKM	533
B00GNA9W4G	534
B00GNA9WG4	535
B00GNAA2J0	536
B00GNJCZ3M	537
B00GP2N66W	538
B00GPDRFPO	539
B00GPWYF94	540
B00GQ9I9IO	541
B00GRBVM0S	542
B00GTBZ7HA	543
B00GTBZ85Q	544
B00GTBZ8B0	545
B00GTBZHCA	546
B00GTBZHUW	547
B00GTBZI6A	548
B00GTBZN4C	549
B00GTBZNP6	550
B00GTBZOVE	551
B00GTBZWPW	552
B00GTBZXA6	553
B00GTBZXTC	554
B00GTC02LA	555
B00GTC03AU	556
B00GTC03OG	557
B00GTC0DFK	558
B00GTC0DYQ	559
B00GTC0E1I	560
B00GTC0IY6	561
B00GTC1FFW	562
B00GTC1HB4	563
B00GTC1HCI	564
B00GTC1JHQ	565
B00GTC1JVM	566
B00GTC1KZ2	567
B00GUC7XAW	568
B00GUTLC0C	569
B00GW1HKHW	570
B00GW61EB0	571
B00GXBEV0A	572
B00GXZS5VW	573
B00GXZS7AG	574
B00GYB107Q	575
B00GYB13OQ	576
B00GYB17P6	577
B00GYB17TC	578
B00GYB17XI	579
B00GYB1AQM	580
B00GYB1AUI	581
B00GYB1ECW	582
B00GYF65TK	583
B00GZ18LL8	584
B00H0CVFGO	585
B00H0LVCVI	586
B00H2B2RLK	587
B00H345TXO	588
B00H41LTL2	589
B00H5V3T2I	590
B00H5V3T8M	591
B00H7NKNE6	592
B00H8C82IU	593
B00H93NJLS	594
B00HAT8EKW	595
B00HB2JQNM	596
B00HD7SCLM	597
B00HDL5VA8	598
B00HE88JMC	599
B00HHR0SYW	600
B00HJCC9BA	601
B00HJD8NLY	602
B00HM6IV6K	603
B00HM6IVXI	604
B00HM6IXH2	605
B00HM6JLNW	606
B00HM6K6XQ	607
B00HM8PWEM	608
B00HNKRWI8	609
B00HNKRWII	610
B00HNKRWX8	611
B00HNTBTOC	612
B00HOHLKY2	613
B00HSNWXTI	614
B00HSNWXV6	615
B00HSNWXVQ	616
B00HSNWXYI	617
B00HSNWXZM	618
B00HSNWZFU	619
B00HSNWZKU	620
B00HSNX1AS	621
B00HZ7IRSI	622
B00I073WLE	623
B00I2495QG	624
B00I2OR6YE	625
B00I49QTXG	626
B00I4ZERGG	627
B00I6CRX04	628
B00I6R90Q4	629
B00IAMTLS2	630
B00IBS9QC6	631
B00ID8H16W	632
B00ID8H4OG	633
B00ID8H51S	634
B00IDWP4IA	635
B00IG9L8QM	636
B00IH49VBU	637
B00IIB82FS	638
B00IIBB7A0	639
B00IJZJ9K0	640
B00IMHN0B4	641
B00IP42FBA	642
B00IRBY2R6	643
B00IRMZ6S4	644
B00IROPDPS	645
B00IS6XPQY	646
B00ISDOYV2	647
B00ISW8ZVS	648
B00ISW91BG	649
B00ISW92F6	650
B00ISW92FG	651
B00IT1HKV4	652
B00IT69F62	653
B00ITA41T4	654
B00ITA8HD0	655
B00ITAANDW	656
B00IU079YM	657
B00IU2C148	658
B00IXVY8HO	659
B00IZQ66V8	660
B00J3JDCH2	661
B00J4JWLJG	662
B00J4JWN2Q	663
B00J4SCZFM	664
B00J5D8BY0	665
B00J9E8MPS	666
B00JC77VEK	667
B00JCE89SU	668
B00JEIM6MY	669
B00JF3RYPM	670
B00JJVG6HC	671
B00JK3ZHIS	672
B00JL2TURM	673
B00JMJ6E5A	674
B00JNI1DZQ	675
B00JPK2K0Y	676
B00JPMJK7I	677
B00JQ12U0M	678
B00JQ2UXOQ	679
B00JQP1SP6	680
B00JR4FKGY	681
B00JT74V1O	682
B00JTY6WQ4	683
B00JX979CQ	684
B00JYY576U	685
B00JZVMTOU	686
B00K1GQW5K	687
B00K1H6AY2	688
B00K2O3NV2	689
B00K4FD59E	690
B00K7PO996	691
B00K861Z4G	692
B00KAL5JAU	693
B00KBIX8MS	694
B00KCFAZTE	695
B00KCTER3U	696
B00KD73PBQ	697
B00KDOV8DG	698
B00KH6F6TM	699
B00KHGIK54	700
B00KHH2VOY	701
B00KK62714	702
B00KLA4INE	703
B00KLZO2JE	704
B00KNIL36E	705
B00KPKIV8I	706
B00KQ4PEBU	707
B00KQBR9FM	708
B00KQVTX06	709
B00KTAJAIY	710
B00KTLBDYM	711
B00KTLBEEQ	712
B00KXG8JF4	713
B00L0C529Q	714
B00L3K91OW	715
B00L3LB0IG	716
B00L3LBUGI	717
B00L5KTZ0K	718
