user_orgid	user_procid
A100WO06OQR8BQ	0
A100ZQDV7L8PVV	1
A105S56ODHGJEK	2
A10E3F50DIUJEE	3
A10M94ASQEBL56	4
A10PUMFCPP2SXV	5
A10YFB0VUK1JOP	6
A10Z8FC0SMU5VQ	7
A10ZBR6O8S8OCY	8
A110RS7QL8Q1UX	9
A11BCJJG91KVOY	10
A11F5KW6QXHL8L	11
A11I1I9QLMAM1A	12
A11J1FHCK5U06J	13
A11LC938XF35XN	14
A11LNY2OLQSUSV	15
A11OTLEDSW8ZXD	16
A11SWG9T60IQH8	17
A11UWNENP9S93E	18
A122SFGLAHQLSJ	19
A12DQZKRKTNF5E	20
A12E0Y0J6584RT	21
A12RU59A1OE7XF	22
A135SX8ESCQV9B	23
A13H2ZRENPV9E	24
A13H5US9Z7L9M7	25
A13KW5I9IHQ039	26
A13LHBUYIK9TMC	27
A13M9XSQ4O6NLY	28
A13MKSASQ6YWL7	29
A13NJZ1M018A7C	30
A13WEKTB63G78Y	31
A13WOT3RSXKRD5	32
A140ICK18NAAYR	33
A14638TGYH7GD9	34
A1486KL0IOM7VM	35
A1496PXO8SXE9Z	36
A149FSL9QLEN74	37
A14DNCG5WHM86Z	38
A14E7LZASLSX36	39
A14EPTYN50XSZV	40
A14NA0W8ESGDSI	41
A14NHXPYTSZ2HT	42
A14R9XMZVJ6INB	43
A14V72I2TIOA2B	44
A14X244VGHWPSX	45
A156P4FPL8OGXB	46
A15BI2LVYM2GIW	47
A15JB2HEZ6RKGW	48
A15NS9ERV7LT7A	49
A15R00LN8L815Z	50
A15S93ZUXH0MR3	51
A15T9G38F589KM	52
A16ALXKQ02SKYG	53
A16AXQ11SZA8SQ	54
A16I6WJUEBJ1C3	55
A16PUD6V3KAZ0Q	56
A16WPA6JV83YXT	57
A16YU3GRGCD95S	58
A16Z2OECAUX8Z4	59
A173581I2AGT94	60
A175N19FS2B4J	61
A17AHTCKJ4SUT0	62
A17O9AHKHK66AI	63
A17V9XL4CWTQ6G	64
A184ZFZZBWEXMS	65
A18FUHNBP90IB4	66
A18JF0T0GOCORW	67
A18LBGL7L9FEZV	68
A18LURVBV82KW2	69
A18NS2LFYCLOTH	70
A18YMFFJW974QS	71
A192Z1UVDNK88E	72
A194K60CWZ371J	73
A199FRO0YFMGED	74
A19D3N662QS9WD	75
A19FRW264WZTGP	76
A19LCDE4R9KCU7	77
A19SDJ2TSSL8HI	78
A19UTUEBWKIZFT	79
A19WEEGB05YAZ3	80
A19XC6Z95GK5AB	81
A19XE6G6NDZFPS	82
A19XMHRB3G4DIR	83
A19ZXM03SIBK9T	84
A1A1BM6N28X9J0	85
A1A25TP5D0L22V	86
A1AA0H6NJJPJYD	87
A1AEPMPA12GUJ7	88
A1AG7F4Z1EOO5L	89
A1AHG23GNXBYYY	90
A1AK356546890Q	91
A1AKQ1YUS4BT82	92
A1APK6FWZC13B	93
A1B6O7SAIYG2N0	94
A1BK60GZ4QME6I	95
A1BWZ7BS12D3H	96
A1BXVZSQOJE6UE	97
A1C4J5MRES1KRK	98
A1C760KGFSRI6F	99
A1CEY9FUPMW9ZI	100
A1CQSMS4KPL2R	101
A1D5RCOILPC9LX	102
A1D6DFC3AGV3JZ	103
A1DC1O4VX6AHPP	104
A1DFL66IDY0Z2Z	105
A1DG75OT3Y49EM	106
A1DGB6HY5C7LXU	107
A1DH3QDZX8Z7GO	108
A1DNXL8BIR5R8R	109
A1DO6DKWF3CMBD	110
A1DQHS7MOVYYYA	111
A1DRM3JV6T5O6P	112
A1DW1FK1H3F2TM	113
A1E1LEVQ9VQNK	114
A1E3OB6QMBKRYZ	115
A1E50L7PCVXLN4	116
A1E5WXNTI7EO2A	117
A1EE6LQS3OPY6R	118
A1EHDVLCSOU57Q	119
A1EJLQY0WCBLO3	120
A1EKF9JFF1XWSV	121
A1EMN4T3ROJDOO	122
A1EVK8ASS9IKUJ	123
A1EVV74UQYVKRY	124
A1F1A0QQP2XVH5	125
A1F5O1USOUOOXI	126
A1F7YU6O5RU432	127
A1FATTRIXTSTEB	128
A1FDSZISWIXH1A	129
A1FPQ54AIB26L0	130
A1FQ3HRVXA4A5B	131
A1FWFCJU2G7TRA	132
A1GB85UEMFD4WZ	133
A1GNYV0RA0EQSS	134
A1GUN2J1FDYNF3	135
A1GXIQMIF5M000	136
A1GYEGLX3P2Y7P	137
A1H51V8JME4WZ5	138
A1HIATEY9H0W3T	139
A1HLJJ6MKZLR3Z	140
A1HM4GGGNKZ37B	141
A1HRYC60VTMYC0	142
A1HWF0VV8AWJTQ	143
A1I2U8NT5J6P1N	144
A1I477ADGMLVJM	145
A1I6U5AQAT3ZG9	146
A1IA0O3OYQO9LV	147
A1IDWUYX4QXTUE	148
A1IH42TUIZ2XJL	149
A1IHK8GL1ESOND	150
A1II2ZRPKZAQQD	151
A1ILWPH1GHUXE2	152
A1INBQLNQNSHTK	153
A1IPKBAP6LOWCR	154
A1ITRGMT80D5TK	155
A1IZ7OZOBWC1YW	156
A1IZJVLNMFACS6	157
A1J1J0FNZHJYPM	158
A1J5HIF41ENSMZ	159
A1J7GMSVITTLFA	160
A1JAPP1CXRG57A	161
A1JBBR4MNGQ70G	162
A1JFXOFDRZ9CFQ	163
A1JFYDF90M3WF5	164
A1JLU71GKXMCL3	165
A1JMR1N9NBYJ1X	166
A1JOANG98KBFKU	167
A1KEK09ZA6J9P8	168
A1KHU669CBQ95Y	169
A1KJDOL79GJ3JI	170
A1KQNP8MOJDJKC	171
A1KXONFPU2XQ5K	172
A1L7R2764ED46Y	173
A1LFXR2GB56XWA	174
A1LG1DKUZXGJ6J	175
A1LHAXBM5GBJS2	176
A1LJR5IS0B6ADX	177
A1LPH1S8VRJYTD	178
A1LY0DNHBLI4PY	179
A1M0VD70MFVSSI	180
A1M1Y5UGONAW06	181
A1M271OI7YRUA	182
A1M5ZT35YX6TIN	183
A1M7JSSMOWMMKP	184
A1M92239OM8KPO	185
A1MAI0TUIM3R2X	186
A1MBXP3NZM2BUO	187
A1MDDJ2XUPZZOE	188
A1MK4CJDSXKF8Z	189
A1MOQWCGVZ6YA2	190
A1MQ7QN3S90UJ3	191
A1MRRMHGV3PN5W	192
A1MZL91Z44RN06	193
A1NC2MZF9L3URH	194
A1NEIH01B5X6QL	195
A1NHB2VC68YQNM	196
A1NN8Q1DLAYPGH	197
A1NO1XWBONV7GP	198
A1NOV41485TE0D	199
A1NRMTQ5SZPZA	200
A1NS6O584WD5FJ	201
A1NWEG9JCE7Q6T	202
A1OA2ZW406NQXM	203
A1ODOGXEYECQQ8	204
A1OMXVXXP07F05	205
A1ONZ8JRPLBNUI	206
A1OPZ3BUTEL47R	207
A1OS4KPCCWY936	208
A1OWRLSD7LTSQ9	209
A1P27BGF8NAI29	210
A1P2XYD265YE21	211
A1P4F6HIXU6WYE	212
A1P5QZJB3QWL0B	213
A1PDILN0SG4OI6	214
A1PI8VBCXXSGC7	215
A1PTBXZG04GT29	216
A1PW5SQLR0Z6IH	217
A1Q08H4B9QGT2N	218
A1Q1T811N4IY3Z	219
A1Q1Z7IR79G52A	220
A1Q7A78VSQ5GQ4	221
A1QBOC76MIOJYP	222
A1QK0XCAPHIW1L	223
A1QO88MU0PYJON	224
A1QT3N5FUQ4I47	225
A1QXWM5P0CT45	226
A1R1BFJCMWX0Y3	227
A1R377IPZOKLMM	228
A1RF0GSO0CY4LM	229
A1RFZGWX46N8H7	230
A1RKJP7QGY1IBH	231
A1RQN2NK36226H	232
A1RRMZKOMZ2M7J	233
A1RSQZHZDSBZ9E	234
A1RZ0J2CZZJOTX	235
A1S27P7KJO9I96	236
A1S52XH2CS4Y26	237
A1S7YQQGJPPFLG	238
A1SCANWWQTEG9I	239
A1SKJK2IISNRO2	240
A1T61QP7QHYBRQ	241
A1TMAVN4CEM8U8	242
A1TR1R2QKWRSRA	243
A1TY4TRLA4QK5Y	244
A1U7RVXQM7K88X	245
A1UA87K9GQSFYX	246
A1UCPXUBSESD65	247
A1UGYZ8IK4VAIT	248
A1UINGIK3UG77D	249
A1UMSB7LAW0RIR	250
A1UQBFCERIP7VJ	251
A1URMXEEWEQR6V	252
A1URXSRV6WDHVY	253
A1UWSU5ETQRQKX	254
A1V1EP514B5H7Y	255
A1V3TRGWOMA8LC	256
A1VBDMNT6I8RE5	257
A1VF5HRCDF99CF	258
A1VQBEW0G4IH1J	259
A1VQI32QPYXU6F	260
A1VTOFY4N47RGF	261
A1VXIY1511XQK2	262
A1VYFEJM12ZP11	263
A1W415JP5WEAJK	264
A1W6UPVTSV9WOO	265
A1W7BPELKI494R	266
A1W7R5ZAGVOSVQ	267
A1W9OSF4ZWL94R	268
A1WE1X1U9YLVS6	269
A1WH5J3AP5JR7H	270
A1WKEAS58297E5	271
A1WKQ94M45D8MG	272
A1WSQ0QRWQC7VI	273
A1WXJ1I42UOQ2V	274
A1WY3G0O1R8DN1	275
A1X2LENOF84LCQ	276
A1X2YRSD648FM3	277
A1X3ESYZ79H59E	278
A1X8BQQGCEHQ1V	279
A1XCSAX4BRT89Y	280
A1XDAUHSVADHW5	281
A1XEZIHQIUAOR1	282
A1XFNGJ2BMGKAZ	283
A1XJOSJN6FHFO0	284
A1XLK1JAEFAN9I	285
A1Y3FEUELH3FTI	286
A1YEPFLLH42OU1	287
A1YH6DMZOS59A2	288
A1YJMG0QJXZLD4	289
A1YMNTFLNDYQ1F	290
A1YSA2U70V9E21	291
A1YVDY3TISDRE1	292
A1YW7MGDBVKJ20	293
A1YX6S4I5GG5VK	294
A1Z0LTKUA6F94D	295
A1Z3AV93ONK5VF	296
A1Z54EM24Y40LL	297
A1Z7Y2GMAP9SRY	298
A1ZENB34HH2EIM	299
A1ZGHA3IJV01BK	300
A1ZGXZW37JEZWH	301
A1ZH5ULI4SBO48	302
A1ZKGSDVP057L9	303
A1ZNCMFIECPTVT	304
A1ZPQSWQQQQOD9	305
A1ZPY91VE3IDN1	306
A1ZQ9251Z9SXSY	307
A1ZU55TM45Y2R8	308
A1ZVMTIRYZQDL4	309
A1ZZR25X0CNOJX	310
A1ZZZT0KJR46UV	311
A2065HBMYDXJ1S	312
A2068BC3ZXAVJQ	313
A20F84KUBWM88B	314
A20L63B48RPSOH	315
A20MMOYFA8BTNR	316
A210SPRGOOG2D0	317
A215WH6RUDUCMP	318
A217CC8F7N5717	319
A21BVL7PKG9BX8	320
A21EDMG94ID7D	321
A21FWV7IMMPSXP	322
A21P0KJS5ZKN1R	323
A21S26XYPGXJZX	324
A21SESEJ8E52B7	325
A21T5C3KL41REL	326
A21VGNU5959O85	327
A21ZE48YPVAE4A	328
A224KM22RQ5CD4	329
A226VGZWOEBPGL	330
A22B13EJTZKCTM	331
A22CT4ZGGD2FJF	332
A22CW0ZHY3NJH8	333
A22I55P15NSAOX	334
A22LQGRG61FDYW	335
A22PUBSSNP54L	336
A22S7D0LP8GRDH	337
A22VNXHU6IZ5MT	338
A231LBC8EGPO5L	339
A234X1MVIMPMMC	340
A235UFZGCFN3J5	341
A23E9ZPS2RQZS0	342
A23GFTVIETX7DS	343
A23KDA686N6T4Y	344
A23OEXX9JTOJZY	345
A23RZIU0N8K2KR	346
A23TGI02RB7JC	347
A23WE733QT4WGJ	348
A23ZNGL704AW7O	349
A240FRPD4MEXND	350
A244CRJ2QSVLZ4	351
A24OB2905EC68F	352
A24RCBRDXRXR0Y	353
A24U6WGBZ4P74W	354
A24X7HDKJBRKWP	355
A24ZMNWTW8AQUR	356
A2503LT8PZIHAD	357
A250RUL0S744OM	358
A259HHYBP6ZNJ3	359
A25B8W9VSY0C5Y	360
A25C2M3QF9G7OQ	361
A25C5MVVCIYT5D	362
A25GDJ31WLG4U1	363
A25KJ3W2EOJYZ4	364
A25KKXUQQ0OLWB	365
A26BDXG9KVH7SU	366
A26BU3ZU0R5IPF	367
A26EQ8U96JA92T	368
A26LD9FQHTM8ZH	369
A26MBVPPXZN1YM	370
A26NMTIHEUM65Z	371
A2701UXI8QGRHE	372
A276OI0NHBYORX	373
A277TO3PKKNYDH	374
A277UAKKEGKR04	375
A279A4Y2N1CQ26	376
A27D0VRNOOUNRR	377
A27DDHWHE540I5	378
A27E44IWS3B7VD	379
A27H9DOUGY9FOS	380
A27L5L6I7OSV5B	381
A27O5ZUFAEWT9L	382
A27Q1X75QCWTID	383
A27RVRXXT1JLO3	384
A27X7XXOKMK879	385
A281NPSIMI1C2R	386
A28FJ93TJSSQS4	387
A28G5WB6XEXWFC	388
A28GQ5PS8RY3EK	389
A28I19Q54MYXGV	390
A28IBGD0PY12YS	391
A28IIVKXOE1ATF	392
A28N2AWOVO2PB	393
A28OB1QLXN5BM6	394
A28TWWUAWFVCTR	395
A28WXDXJA1P0MC	396
A28YUNLTJZ9L19	397
A29313797NGT9L	398
A29C0Z6BY8HB9H	399
A29DVO8KLQJCX0	400
A29M09QBG9TZLP	401
A29NNYBMVN3DDB	402
A2A8IY4GTR7GWQ	403
A2AGBL998D0FYY	404
A2AMTEB5UZEOXE	405
A2AOW20EGSCAY2	406
A2AOZQ3WTNVVOK	407
A2AVMEB8PQOTTE	408
A2AZIQJGBLU7WN	409
A2B1QU9EKEEUZ8	410
A2B2HOVV6WZGEJ	411
A2B8GXSCB1R05T	412
A2BCDZO1XQLDH	413
A2BJ9I0BQ1LH5S	414
A2BLFCOPSMBOZ9	415
A2BM0K1XK4O2OX	416
A2BPB05QNCE00B	417
A2BQWD54CXBX6R	418
A2BZ16RKE13PKV	419
A2BZ7MYTSNYMEW	420
A2C5DG8IBPZLYF	421
A2CF66KIQ3RKX3	422
A2CISZ4JLKQRJA	423
A2CJ38JUNXY4CA	424
A2CNGARED6OWWU	425
A2CUWCJHUPGL9W	426
A2CV33795L4KHH	427
A2CZ98V784SRJ0	428
A2CZPM110DW516	429
A2D1LPEUCTNT8X	430
A2D47Q6Y5N3YOQ	431
A2D4FQHV506EPB	432
A2D7B5I7ZQ51XL	433
A2DA2NJZ2RIYAB	434
A2DG63DN704LOI	435
A2DI7UGT3YX4Q9	436
A2DPYMNI2HCIOI	437
A2DTE0WS2DWOYC	438
A2DXS93K097REQ	439
A2E1EFNIZL2FVA	440
A2E4R7YISIM4QM	441
A2E7RX6AFUDQEX	442
A2EIIDTYMJAEXV	443
A2EIODKT7EDOC4	444
A2EOX5XAVNXE2O	445
A2ESUFJ608CSTP	446
A2F09EWKV3MTO2	447
A2F1QPIJTDWK55	448
A2F540P3L6P5CL	449
A2F6NONFUDB6UK	450
A2FEM4XI55SY0W	451
A2FGQ0JGXYYW6D	452
A2FM5AJ7QH33S0	453
A2FNA5903D9E6Y	454
A2FQHAYSPJO1WP	455
A2FRAS05LEI6JJ	456
A2FRFAQCWZJT3Q	457
A2FT65RZEV2HNH	458
A2FU5LRHY17OY2	459
A2FVD05Z2FYW1P	460
A2G04D4QZAXL15	461
A2G7B7FKP2O2PU	462
A2G9UDL72YUTT8	463
A2GA2SO3YK6CXI	464
A2GA64WZK8PKBC	465
A2GANR9I6XHTU9	466
A2GCVUZ1N1TBZ2	467
A2GHU8I0P3HFRW	468
A2GOHBNQ58WOKC	469
A2GPJR489OIH42	470
A2GY5WCU9PKTMI	471
A2H2FT8WV5X6SV	472
A2H667ZUNLNTF1	473
A2H9Z6OSDBBDFI	474
A2HC9549CZAKNN	475
A2HCRBZEU44R0N	476
A2HHAV29CZ1OIE	477
A2HOLM5I1ARX9J	478
A2HT05OASZO53B	479
A2HTPS0JV3Q8ZD	480
A2I05FGBTCRRB8	481
A2I5QH4F5FDKK5	482
A2I8KUDXTC9WYI	483
A2IFKH3TJ10387	484
A2IK5CHTYMHMRX	485
A2IMGHMF0LO151	486
A2IMLOJ2Z2QEU2	487
A2IN5KO0L2YPQC	488
A2J19U8H5SSFCJ	489
A2J557IQKW3GCP	490
A2J8DE8R94ZB02	491
A2JAEZ0FMAMJVW	492
A2JCJJNY43QQIV	493
A2JNW9NNS7KKVS	494
A2K4HN6EECBNR3	495
A2K89R0B20LYHB	496
A2KJWZ7I24GMQC	497
A2KJZXIXBHVG0K	498
A2KKS3UU5CE2T7	499
A2KUUIJ52MWDAS	500
A2KUVD844LL7QM	501
A2KWQ64TRHB3YH	502
A2L0WJMOT484GM	503
A2L6QS8SVHT9RG	504
A2LAS014NSRW72	505
A2LDGL943QZXGK	506
A2LW5AL0KQ9P1M	507
A2LXC5ZHHP0WXP	508
A2LXX47A0KMJVX	509
A2M09NBM1IIJE9	510
A2M14CFAMF8J7I	511
A2M1DBI9NHPKHB	512
A2M34TR2T9YAXV	513
A2M6TKRPB4B2E3	514
A2MCQBBQLI1TOV	515
A2MH7UT57OXCSQ	516
A2MO8QZTNYYB98	517
A2MO9URO4526Q2	518
A2MOD50IHEDH3G	519
A2MSQNPTNAAGL1	520
A2MTPVW8JI634V	521
A2MUGFV2TDQ47K	522
A2NICGGIGIFU22	523
A2NIGPQX34K47O	524
A2NOBI4U8Q3LF7	525
A2NOW4U7W3F7RI	526
A2NUBL2UYWPBWR	527
A2NXUOGK3VRFUB	528
A2O421DTA8J0RW	529
A2O6IC9KWY8TQR	530
A2OCDK0BOW6UCY	531
A2OJCTT5WLB2HR	532
A2OW1FKQFPIA5D	533
A2OW356OMJNAVH	534
A2OWR5G2OAQF7C	535
A2P739KOM4U5JB	536
A2PATWWZAXHQYA	537
A2PD27UKAD3Q00	538
A2PEJTQT65TWN5	539
A2PGCJQPNMUBSS	540
A2PLNMV519LXT4	541
A2POEZE9CZ7J7C	542
A2PQ13GUETPPHR	543
A2PSC7LUNIDEAH	544
A2PT4N5XHJ0JZG	545
A2QDOJFFLFGF18	546
A2QH6LESI5RTO5	547
A2QIVMS9KG4GXS	548
A2QR043WBXXX6L	549
A2QWHEI914GHRZ	550
A2QWN2OYA2665E	551
A2R1HUYHXV7H18	552
A2R95Z7PTF5ZRO	553
A2RKI7RPP5CJMG	554
A2RMVKGPSIISC0	555
A2RQOO8VYAEZZG	556
A2RU34YZSISZSA	557
A2RX62V4E2BF5Z	558
A2RYWPOL4NN2KG	559
A2S1YJ7VY05FVB	560
A2S26YGSVXBCFL	561
A2S4TW2PR2FTWO	562
A2SPI5WNZLOJ2U	563
A2SQJPUCZNHMZE	564
A2SSV6KM3W1VFD	565
A2SZGCG5KYWTHN	566
A2SZLNSI5KOQJT	567
A2T7GZ74MZI0MN	568
A2T9BT0JW2VUQ8	569
A2TBAUW2W7J538	570
A2TBZAC0XYHLIB	571
A2TI5R93FF69UN	572
A2TJ58Y8SOKBS0	573
A2TO2BN3P4C00L	574
A2TXMYYGSZCSZ1	575
A2U6HBHYLCPU1N	576
A2U8IUXU7DPJUS	577
A2UEB48LAWFUCW	578
A2UK25KI4T6GCI	579
A2UKE7GIVC7XFW	580
A2ULQOGN59LDNK	581
A2UM324B00HBC8	582
A2UOHALGF2X77Q	583
A2UOLBX7155MY3	584
A2UR9I3QSTN4G3	585
A2UT0FWM1DHKFJ	586
A2UX1QYTF609V	587
A2V0I904FH7ABY	588
A2V2URLB31HG59	589
A2V2X7HZWIGYQC	590
A2V4P6IRCK1P70	591
A2V55J9CCQCOG0	592
A2V5M5EJPOD2IU	593
A2V5R832QCSOMX	594
A2V92F5R7MLCVI	595
A2V9DTXTQ5YIMK	596
A2VAD79S4A06DD	597
A2VH0UT5EQFB6P	598
A2VJJ2POCLMED7	599
A2VQVI5X3VTDT3	600
A2W0XCWOK3MW6F	601
A2W2E6BPPYZO0T	602
A2W4014S06NAIT	603
A2W9I628I6SE1U	604
A2WB4OWBUH2VQX	605
A2WE93LJX8PMT1	606
A2WFZWRYWLC20S	607
A2WN1QF8GSVHYV	608
A2WW57XX2UVLM6	609
A2WY52YD5GAEIB	610
A2WZNM833CJH82	611
A2X06FP2PQ6EK0	612
A2X2CJK2C5WZVW	613
A2X2WTEVCZ5L8N	614
A2X3L31KCXBHCL	615
A2X3ZCTZ6PUHMC	616
A2X6J6AFLLYVXH	617
A2XA8CW5DF4MNZ	618
A2XAQOWHRPY98K	619
A2XFM8PN6G0B02	620
A2XH67KMRF1WBF	621
A2XH6KI5ZLRLPS	622
A2XIOXRRYX0KZY	623
A2XNOB1T796Y6B	624
A2Y15RV8JQ36H4	625
A2Y2BV6ZG5F6PM	626
A2Y8IDC1FKGNJC	627
A2YB7DLC3FOR7W	628
A2YCUCEYXT9VHX	629
A2YKGQ7JJHJ8BI	630
A2YKWYC3WQJX5J	631
A2YL6HWOTVSJ8B	632
A2YPB8IOEU10XJ	633
A2YQ2ZI65F37N8	634
A2YW1MG1GKU8XD	635
A2ZHH7AK83JB5G	636
A2ZJPDH0YP90SD	637
A2ZKQC0XCIIAEM	638
A2ZY49IDE6TY5I	639
A301B6L3TCD7WL	640
A305XM71TF83CY	641
A307YFSORUAXSQ	642
A3091RP0SPZLMN	643
A3094EPI56GKZ6	644
A30R8VFR16RE32	645
A30X9M0J5WOVAS	646
A311QT2NYDS6UD	647
A312UBIOP091MH	648
A318IDAWJ9ZYAY	649
A319Y83RT0MRVR	650
A31B8RZ8YDMRX1	651
A31COYV4FKJEYL	652
A31DVKL8JE4XAH	653
A31P4BOR51YD0C	654
A31RULW0KNYJ5H	655
A31VDZOEJACIHH	656
A31XW1RTQ4ZG9W	657
A328ML29K4VX6U	658
A328S9RN3U5M68	659
A32F1YXKEJNMMU	660
A32GCOTGFJ9XC3	661
A32M15RZXWZ5GS	662
A32RYIYZOQDBQ7	663
A32T2H8150OJLU	664
A32XGYDA14KT13	665
A32ZKBXJJ45BRY	666
A335GUD1YBS31U	667
A336FE20YZZL3A	668
A33JGP7NR4BV8W	669
A33PBU9EHZ28PC	670
A33PVCHCQ2BTN0	671
A33UYJPORJLOMJ	672
A33VELHWFACU48	673
A33VI944SO2YCN	674
A33Y8C4818EJL0	675
A3433CUWQ1HA46	676
A349KQHU3JGJ47	677
A34BZM6S9L7QI4	678
A34CSXOGVYF94S	679
A34IBXM7E8CPWE	680
A34JM8GCMVDE7U	681
A34TNH973Q9XT0	682
A34W7QA4J5UTOR	683
A353U0L2HAMSHV	684
A357B3PUHSVQA	685
A358745E4YJ2AY	686
A35CCGJDNXUDY9	687
A35HOUWHAYZZN6	688
A35IX2GE0VC0JP	689
A35JP8KSV9281K	690
A35LT14WG5BX0T	691
A35Q0RBM3YNQNF	692
A35X85OH0V85HD	693
A36MP37DITBU6F	694
A36P36J16DE34K	695
A376OJHLE6SU9Q	696
A379IB3EYAEL5	697
A37D2TGTIXRV2N	698
A37F0S72H94HU9	699
A37KG9AQK1PN10	700
A37OYVYHR5U4NU	701
A37PZJH2F13IOR	702
A37Q2U5I5N2K3K	703
A37R3P5JFNQG8S	704
A37RIRXE3WECZ	705
A38GTXKPSEZ780	706
A38H4XCCPLRF93	707
A38JGO3ETNO8HR	708
A38KK0SZYEH5UD	709
A38N8Z1U5GM91C	710
A38YU2G73LYCU2	711
A38Z8ZXX1BPFRL	712
A390XPHE9J7DBO	713
A395HU1MWPG9RL	714
A39650P2CZUUC9	715
A39BGN8JA7CIFX	716
A39BNXIZYAJYP0	717
A39UU3WKDDX73A	718
A39WWMBA0299ZF	719
A39YHD54RIZJTS	720
A3A7Y3TSPPZU9T	721
A3A8FMW6BDJ166	722
A3A90CELVLOUP6	723
A3AGWRMHKLFLWR	724
A3AHOSISKNBLZ6	725
A3AL9NFNWTRV39	726
A3AQHM23X4PCUB	727
A3ATKIU6MZZ4MU	728
A3AVK3RQ40JLH	729
A3AWV00ZU7MSK1	730
A3AYSYSLHU26U9	731
A3AZI828WJN1CD	732
A3B7J2945PU1P0	733
A3B9C6MZAFC1JX	734
A3BFDEBT5IV4UN	735
A3BH63GKL7MQ2K	736
A3BKNXX8QFIXIV	737
A3BRMNYJHD5AT3	738
A3C118IGQ3K1C	739
A3C6CZC2JP67VK	740
A3C9Q3KTNNLJJ	741
A3CG6YLYZJXQG4	742
A3CG93783LP0FO	743
A3CHMHGSJSQ02J	744
A3CMDR34KFLGFX	745
A3CNJR9MD5BFKL	746
A3CNM18PWKI1Z9	747
A3CPL126VL12H8	748
A3D69HL1AHTYL	749
A3D9LPCRWSHZCA	750
A3D9NUCR4RXDPY	751
A3DD96LN8U1NM	752
A3DD9AR5KZEAHH	753
A3DFH4CKPIT0N9	754
A3DOPYDOS49I3T	755
A3DS0VAXL90E26	756
A3E1MSQ2D7WY4R	757
A3E3GD3TABXKU1	758
A3E9WG5BEAFF3T	759
A3EAP2VG0BVYWX	760
A3EBJDZ5N1UEI5	761
A3EDNFH2V8CXDO	762
A3EFSLEMHNPP6A	763
A3EJ8XHVDC0CWH	764
A3EK2KTYHJCPB9	765
A3EM243NDJ4DF3	766
A3EOVXI1VZIHUQ	767
A3EP6YVAYS9YM3	768
A3EPHBMU07LZ50	769
A3EPJSPH03AS29	770
A3EX36SNRYD5VL	771
A3EXIZWHSNVNME	772
A3EXWV8FNSSFL6	773
A3F2926FPOBNL	774
A3F2VVIQIY6U64	775
A3F9CMU8KNAY1M	776
A3FBM0RMCMAABV	777
A3FBMSWBJ202SF	778
A3FD3BHIUYIFPD	779
A3FEGTOLCWXSV4	780
A3FG0FQHNV2UP2	781
A3FHSLWEMH7JD8	782
A3FKGKUCI3DG9U	783
A3FS3FJPD3RJTD	784
A3FTU7RRJ1S21L	785
A3FWSG0GV6FRB6	786
A3FWVV13DJELLV	787
A3FY3H6F4249E0	788
A3G007LQX6KGOD	789
A3G5MOHY1U635N	790
A3GASQRWPQW28W	791
A3GFK7F5IUF60X	792
A3GKBKF6LYD680	793
A3GMRYV7VAYK5Q	794
A3GMVCTJTHYG1F	795
A3GTJ37QK2SPSB	796
A3GVD3O9QG6I0V	797
A3HAA7H8PBVM78	798
A3HE6SU1IZO053	799
A3HETHW2XD3DWH	800
A3HFQT4IPBUA1P	801
A3HLTHHLPKLRQA	802
A3HPCRD9RX351S	803
A3HQAPXAJV7PRX	804
A3HRDRQ5VAFPQS	805
A3HUC8541SJ6UT	806
A3HZHTHOSEHHXT	807
A3I5YPJZMTG1QO	808
A3IAU6ZPVF2R5K	809
A3IOCPLIMYDBCD	810
A3IQXED40ZZ2T2	811
A3IR5UJT71ZGRZ	812
A3IR834T7AROBT	813
A3IUW081KXD3PE	814
A3J029KBNG5MNP	815
A3J356L2ADK05Z	816
A3JCWGHCVC2ZNF	817
A3JI7QRZO1QG8X	818
A3JLOIXFM75QNV	819
A3JT29L4YFEIMJ	820
A3JUHP1E3WUHEA	821
A3JVCBXJ3CU7P2	822
A3JXBZ8F65100O	823
A3K3SE4RK846WO	824
A3K8AU6BAGN60E	825
A3K91X9X2ARDOK	826
A3KEZLJ59C1JVH	827
A3KT85K6QPMGSV	828
A3KVGQGXFD9JBP	829
A3KZEGBTPH6MMF	830
A3L1DTUER1OUR8	831
A3L1MEXXDI4Q77	832
A3L2KYOYDWSRPL	833
A3LGT6UZL99IW1	834
A3LHIRT4SR3F9T	835
A3LL8PH49PZUG7	836
A3LLJTKU4USS6O	837
A3LN4AOPBIUQWR	838
A3LOGP4VA9DX46	839
A3LYGOZAMC2KZA	840
A3LZA698SQPCXE	841
A3M174IC0VXOS2	842
A3M1PLEYNDEYO8	843
A3M3W5GV0HIQK4	844
A3M6KV5PDU46YI	845
A3M6TSEV71537G	846
A3M7R4PD0FEPUB	847
A3MEMX0XF00TBD	848
A3MFU0GVZUVH3K	849
A3MJYQFHRYLUUB	850
A3MNHS1HHTAP7O	851
A3MUSWDCTZINQZ	852
A3MZNRSDQ32UUH	853
A3N4CUW4UYC9I3	854
A3N61N91YEIZ47	855
A3N9TOPHBENB9I	856
A3NHUQ33CFH3VM	857
A3NM1MT3Q2FHXV	858
A3NO9NOCWLFAAJ	859
A3NOBH42C7UI5M	860
A3NPETMZXGIG65	861
A3O28YJBZG1Q0Q	862
A3O7GDDKLEZUJF	863
A3O8Z6IZ0VU3BB	864
A3OC93X866Z8TB	865
A3OE8046KWT42B	866
A3OIQ3T0OIKY66	867
A3OJX18B60PJR9	868
A3OO4WIO4SKD55	869
A3OXHLG6DIBRW8	870
A3P49VUFZRBD24	871
A3P8ZDHC7XSKSE	872
A3P9D22KDEXVMN	873
A3PEOF0GX4EN38	874
A3PIW7ZF4C5ZJL	875
A3PLEHMIWZET7V	876
A3PNBZ60XRKZFP	877
A3Q0AHFP4ZQGGS	878
A3Q4TYJVAM4IRM	879
A3QBCX2QMKJ7AH	880
A3QCY8ODJBGFLH	881
A3QD59N3M7O7KB	882
A3QEIVO8AB3YMU	883
A3QFGLTU232O72	884
A3QS4WWC1LCA6H	885
A3QYDL5CDNYN66	886
A3R19YKNL641X3	887
A3R1WFO4KIUQXZ	888
A3R33KMESG0XGQ	889
A3R4794K2RVU1S	890
A3R5GTYQ50QVMD	891
A3R7RE5O61M112	892
A3R9H6OKZHHRJD	893
A3R9X003XW0LNR	894
A3RMS65F4GT4ML	895
A3ROWQH3C8RZAO	896
A3S0XEPOFOCB5W	897
A3S0Y5GVW1CYRW	898
A3S15YGZ6W6EV2	899
A3S3R88HA0HZG3	900
A3SBZAOPPY40IT	901
A3SDXX0IE7T2BD	902
A3SQQYS79AV13M	903
A3T0EJIUQDEWNI	904
A3T4OHEAHOJ700	905
A3T6HX48F66512	906
A3T7SBYOW84PDQ	907
A3T7V207KRDE2O	908
A3TJSWA0W9ITYE	909
A3TMBYDFP1B9DM	910
A3TNM3C9ENUCFW	911
A3U029B8Z5WGI2	912
A3U0S17XYK8XMJ	913
A3U1WPDQLP9CQ	914
A3U5CZ3PV82JXD	915
A3U5JCXIXTGSLN	916
A3UKWQS8SRW6IO	917
A3USZS8Q4GOKGE	918
A3UUTDX2WNVUS3	919
A3V1AHX8P4R839	920
A3V1EPSE6XDC0C	921
A3V55DVYU80LDS	922
A3VBXQKRM7A4JR	923
A3VBZDYGHF4NK8	924
A3VF5E3CGBSI5Q	925
A3VGSA71W3ZPM5	926
A3VI2VETB90ZG5	927
A3VJ27010XUWTF	928
A3VLCQX7NG1N0E	929
A3VRQRZ22X8HT3	930
A3VZH0PWLQ9BB1	931
A3W4D8XOGLWUN5	932
A44OY8EFDM4IP	933
A47D5C32VLQM2	934
A4BNJSZVARL5W	935
A4D5B7Q8A7PA6	936
A4EBYIKOMYFF9	937
A4QC76NMWE5OC	938
A4S1P34RBLBVO	939
A537XC69FAD3J	940
A55LS2HWPQB0Q	941
A58F10T4OE58C	942
A58N07M0ZCYMB	943
A5A3C6XVDYUND	944
A5BJMAHZWGJ7N	945
A5GPH59NDWJRB	946
A5U5T6EWH90O0	947
A5URUFZXLJI2Q	948
A5X1B2HBQUR3P	949
A5ZD6FBMZQGDS	950
A63GSML234W5B	951
A688RIZ2POWSQ	952
A69GBB918D2PP	953
A6D07P6DHMXIP	954
A6N1DC5AMPLSK	955
A6QG9LM5WL0AQ	956
A6SZZSMX7DQG1	957
A6VPK7X53QNAQ	958
A6VSWJVTWEOII	959
A6X1O3A5C5FX1	960
A733PJ6B0J4BK	961
A73DFWJE0CGY6	962
A7ED6BJO320TG	963
A7EK88GF8N40F	964
A7EU2BWLLCJY2	965
A7OCP4P0S4YO8	966
A7RFDGVXDYQLJ	967
A7WCB7DDU6J5Z	968
A81XIM8XFKWX5	969
A89ZZKNDFQH23	970
A8EBWQZIDKF78	971
A8INT3NMHRUS4	972
A8QYRG7TW491B	973
A8T4U24TTW698	974
A8UM78SMPSHC0	975
A8WAYVOKYBLO6	976
A8WEXFRWX1ZHH	977
A8ZA0A9E2KJKH	978
A914TQVHI872U	979
A91BK8S5QH98K	980
A96AUNSF6GESO	981
A96JD9312DHWC	982
A96K1ZGW56S2I	983
A9BLKS2XSCI9J	984
A9KAY47NCPQS	985
A9KLAL1CXZ0W5	986
A9PG9ODPPP31N	987
A9WO6SOUAHQ8A	988
AA3EZF22VEB32	989
AAA0TUKS5VBSA	990
AAEVGE52KL0DJ	991
AAEVYY0PHQUUL	992
AAG0O8X2PYE6G	993
AAPPWNP9FWVWS	994
AB0TLNLNOAGY4	995
ABC68JUCPTVOE	996
ABCNO99OFECJ0	997
ABDR6IJ93HFIO	998
ABHEC21XOLF7L	999
ABHXZATQYQVAR	1000
ABJVSQBJ4G438	1001
ABL3PCYAQ1Y4C	1002
ABMX8XUNPR3LP	1003
ABNMD6670TV53	1004
ABOTQXNUBA1MM	1005
ABU20ONMQ7HNS	1006
ABY77ZEHN9WLU	1007
ACAXV4V8PBCE3	1008
ACEA95FQS1AVP	1009
ACH3XM6K1M4AK	1010
ACJ9N7ED37HXS	1011
ACJT8MUC0LRF0	1012
ACR4HKUT808U1	1013
ACUGBCEADYT6D	1014
ACVDL5QRCOPE1	1015
ACVNF8ZF4VHEB	1016
ACYMT1PL5FO9C	1017
ACYR6O588USK	1018
AD1ZOPB0BBEHB	1019
ADEVBXUS0RSIR	1020
ADEZOPMPKK146	1021
ADJ0G262H54GP	1022
ADP8ROI8NMNL2	1023
ADS99W8WMEXZ2	1024
ADY836HK6QSYR	1025
ADYZOSTF9LZLD	1026
ADZIJQN6MNRAB	1027
AE12AEJFCOGGY	1028
AE2MKYLMTYF21	1029
AE88D7OM7YU99	1030
AEA853NAKKRQG	1031
AEBNOFNP172KK	1032
AEC90GPFKLAAW	1033
AEL6CQNQXONBX	1034
AEMSGB00FL3YO	1035
AEUY5C51JAWWH	1036
AEWYUPCNDV7HY	1037
AF7YXO9GKZ6FV	1038
AFDJGY68CQL2X	1039
AFEYHFH2GH0QZ	1040
AFFVUZEGP1FDQ	1041
AFHYEO3Y1IIDD	1042
AFICF7DKHTQ87	1043
AFJFINIKFOFSB	1044
AFM8HGCK7GHGB	1045
AFO678EAGH4Y9	1046
AFTFND8CPQ34M	1047
AFVKI7BCS3FSX	1048
AG71XMQGQ2UTJ	1049
AG8DPYVTLT2C2	1050
AG8E2F0G98ZTB	1051
AGEKVD8JPZQMT	1052
AGFGY4EJ37VS2	1053
AGFW667QNHDOY	1054
AGHIUO1B3IF8H	1055
AGV0RUQJHFW3S	1056
AGVWTYW0ULXHT	1057
AGXV8E7XK9J6H	1058
AH59DZ5AXO8PR	1059
AH8SVUY191DSF	1060
AHFGCH8LANEZK	1061
AHJSFDSO04IET	1062
AHKPZ11JT110F	1063
AHN86VFJIJ2JP	1064
AHRNDSKWH1YBT	1065
AHSHR8WG45XRT	1066
AHUT55E980RDR	1067
AI5OS4RQQIUMJ	1068
AI8JZH7AUX92S	1069
AIEEK7AHXKZCC	1070
AIFLY2HF8NS8U	1071
AIIR8E34EDKCQ	1072
AIVZMEFEAGF3	1073
AIW4CHZOM5W7D	1074
AJ1IZ2N8WJPJN	1075
AJ3K3HKR9UFVN	1076
AJ48OJORP4NE4	1077
AJ6H9ZV7TJUUT	1078
AJ9AE2BVND0GS	1079
AJQDIT55SZ3ZX	1080
AJRFZ0VZ0LD26	1081
AJV985MKGCIQ0	1082
AJZFT4AFY3EUG	1083
AK1WNXTHNCG5V	1084
AK7CAW3N1XZV6	1085
AKCCXEWXJ0VIW	1086
AKCZIJ6ZHE41D	1087
AKHKBZEHJ36FQ	1088
AKHV4Z5GQIE3X	1089
AKJ3P4XK1KN5Y	1090
AKJHHD5VEH7VG	1091
AKMEY1BSHSDG7	1092
AL4SB31UAZLXL	1093
AL6CEWLV2JB90	1094
ALBW2ZBS6Z2AY	1095
ALDAF4VVLFRHP	1096
ALDYWG0CPSYUF	1097
ALE3ORJUOOAHV	1098
ALEW5AUKCRWHN	1099
ALGI34BYWIXZG	1100
ALLHJD3KZF9KC	1101
ALNFHVS3SC4FV	1102
ALOWEXH7NJVJB	1103
ALQ4USPEQ9L5N	1104
ALSAOZ1V546VT	1105
ALYZJ7W14YS26	1106
AM8J1UVGVYAL4	1107
AMB2Z4FMDBWQY	1108
AMCAID3LTHKEC	1109
AMH4QM10U9WG	1110
AMJEPNMBMP6YF	1111
AML5GI7QJ1WCF	1112
AMLA0B6EHD4OS	1113
AMMJRPQFLDD4L	1114
AMS2CPERWN7JV	1115
AMW74VQMVJQNU	1116
AMYTL79JMGQ6D	1117
AN2CU1YP12J4U	1118
AN4HRAGRHHX1H	1119
AN65KG18M4SDN	1120
AN81JUYW2SL24	1121
ANCOMAI0I7LVG	1122
ANEDXRFDZDL18	1123
ANHL7BB84WJMF	1124
ANNVTP5ZZEQGY	1125
ANOBZWKE25SBY	1126
ANRD6B90QL0FF	1127
ANVPLS56WCKL2	1128
ANXVK6D3IC1UJ	1129
AO96PLO6E3MJC	1130
AOAOARIH72UWI	1131
AODS7154NF35B	1132
AOEUN9718KVRD	1133
AOJ7QVVV2SXEL	1134
AOTMP0OKJOUWI	1135
AOVD2T02C3X45	1136
AOXMWBNDZDJ9L	1137
AP42XSKSJMNYZ	1138
AP8D74QD9LUUL	1139
APCSV85SWASN2	1140
APDPA11IZPYLN	1141
APIVUAZF0TW3T	1142
APP35M28G2U51	1143
APXQHFTTYERDE	1144
APYKJUMZP99ZJ	1145
AQ1F3NP2G15S5	1146
AQ6AGWKWMTY8H	1147
AQ8DU6XVA3USJ	1148
AQ9JTZBF30IW0	1149
AQIBFWWA8UWKF	1150
AQIJ3ZEEVCIKU	1151
AQLL2R1PPR46X	1152
AQM0K7MBBT4AY	1153
AQNX0WN00JEVE	1154
AQY5XBYSENNZQ	1155
AQYEEGNRXM0P1	1156
AR2YG7VMC6T1P	1157
AR33KU52LIBF1	1158
AR5SY32T76DBM	1159
ARARUVZ8RUF5T	1160
ARBKYIVNYWK3C	1161
ARFRKID8WSIIL	1162
ARFWWOU7IHZV3	1163
ARSQ2F9U315WG	1164
ARVRHICSF1HJ	1165
ARYSDAZNRXN6G	1166
AS44QEHT3KSPK	1167
ASFO5YUIBEO81	1168
ASJZT7DM51QEM	1169
AT0E6UBVJMJ6W	1170
AT28RL25Q2OLK	1171
AT53ZTTO707MB	1172
AT9U5ZE5OO84C	1173
ATANE2SC44592	1174
ATCN30QWF0VMH	1175
ATECU14VUIOJ0	1176
ATHI1A9N10E6A	1177
ATJE929ETFFNH	1178
ATJV9TWMRNF8K	1179
ATLO3YXU2BC16	1180
ATN4J5VS8Q0YM	1181
ATQ22E6YAUNXP	1182
ATR2C537XOMQ0	1183
ATYUQROTHLNYV	1184
ATZTIU71681SO	1185
AU1SKSAF00JJH	1186
AUEW0SKOB1XYF	1187
AUV3OR951650C	1188
AUZ3EJAU37NC5	1189
AV34KNYW82YSS	1190
AV67P142JTRAH	1191
AVAL1T27UJ5HD	1192
AVHLBVRZI8ZEX	1193
AVJJ2D4G5I0Z4	1194
AVKUS8A25FPPW	1195
AVU1ILDDYW301	1196
AVXG7ZEC66QGX	1197
AW3VZ5O895LRK	1198
AW5JSQCHC2ZJO	1199
AW6J9IILGOZY3	1200
AW7BIYHXUIZ62	1201
AWD5E6BS0EOOJ	1202
AWE13F1HOCZNT	1203
AWFGKB5SCJAO2	1204
AWHZOUIQ0VO7M	1205
AWIF8AR75LL9L	1206
AWPN47SSWK1JV	1207
AWPODHOB4GFWL	1208
AWSQ24HPP0UCX	1209
AWV5D40RG0SVB	1210
AX0ZTNX6KVJ40	1211
AX329NHW6B7BA	1212
AX54G5AL870Q8	1213
AX7QMRXX81L9K	1214
AX9C10JD538D9	1215
AXAJXJZUL2J5P	1216
AXJ1CLF65RNNF	1217
AXK3KYH8NQ9G2	1218
AXR3CV6A4FMBG	1219
AXVKMYWNIHK7W	1220
AY1I85LLDMETC	1221
AY3D7DG5L5WCK	1222
AY6A8KPYCE6B0	1223
AYB4ELCS5AM8P	1224
AYB8XLKTYMTTX	1225
AYCC7GURIXGB8	1226
AYGEP8I4BQ3CK	1227
AYNAH993VDECT	1228
AYOMAHLWRQHUG	1229
AYPIF2S8P3RZT	1230
AYUF7YETYOLNX	1231
AYWHCM0TJ4737	1232
AZ26CDSJ363AH	1233
AZA595ZPIG240	1234
AZFHSPEZUPGD2	1235
AZMY6E8B52L2T	1236
